subject,activity,Avg_tBodyAccmean,Avg_tBodyAccstd,Avg_tGravityAccmean,Avg_tGravityAccstd,Avg_tBodyAccJerkmean,Avg_tBodyAccJerkstd,Avg_tBodyGyromean,Avg_tBodyGyrostd,Avg_tBodyGyroJerkmean,Avg_tBodyGyroJerkstd,Avg_tBodyAccMagmean,Avg_tBodyAccMagstd,Avg_tGravityAccMagmean,Avg_tGravityAccMagstd,Avg_tBodyAccJerkMagmean,Avg_tBodyAccJerkMagstd,Avg_tBodyGyroMagmean,Avg_tBodyGyroMagstd,Avg_tBodyGyroJerkMagmean,Avg_tBodyGyroJerkMagstd,Avg_fBodyAccmean,Avg_fBodyAccstd,Avg_fBodyAccJerkmean,Avg_fBodyAccJerkstd,Avg_fBodyGyromean,Avg_fBodyGyrostd,Avg_fBodyAccMagmean,Avg_fBodyAccMagstd,Avg_fBodyBodyAccJerkMagmean,Avg_fBodyBodyAccJerkMagstd,Avg_fBodyBodyGyroMagmean,Avg_fBodyBodyGyroMagstd,Avg_fBodyBodyGyroJerkMagmean,Avg_fBodyBodyGyroJerkMagstd
1,laying,0.221598244,-0.928056469,-0.248881798,-0.896830018,0.081086534,-0.958482112,-0.016553094,-0.873543868,-0.107270949,-0.918608521,-0.841929153,-0.795144864,-0.841929153,-0.795144864,-0.954396265,-0.928245628,-0.874759548,-0.81901017,-0.96346103,-0.935840983,-0.939099052,-0.924437435,-0.957073884,-0.964160709,-0.850249175,-0.882296451,-0.861767648,-0.79830094,-0.933300361,-0.921803976,-0.862190185,-0.82431944,-0.942366947,-0.932660668
1,sitting,0.261237565,-0.977229008,0.831509933,-0.968457146,0.07748252,-0.986430711,-0.045350057,-0.977211283,-0.093679381,-0.991731592,-0.948536786,-0.927078419,-0.948536786,-0.927078419,-0.987364196,-0.984120024,-0.93089249,-0.93453184,-0.991976341,-0.988308729,-0.979641239,-0.976412313,-0.986597023,-0.987492994,-0.976161464,-0.977904227,-0.947782923,-0.928444802,-0.985262127,-0.981606177,-0.958435589,-0.932198375,-0.989797547,-0.987049617
1,standing,0.278917629,-0.995759902,0.942952,-0.993762985,0.075376654,-0.994604542,-0.023987735,-0.987191947,-0.099609213,-0.992945107,-0.984278207,-0.981942929,-0.984278207,-0.981942929,-0.992367791,-0.993096209,-0.976493793,-0.978690029,-0.994966791,-0.994733239,-0.995249933,-0.996028345,-0.994630797,-0.995073759,-0.986386786,-0.987497129,-0.985356361,-0.982313805,-0.992542478,-0.992536003,-0.984617623,-0.978466072,-0.994815377,-0.994671123
1,walking,0.277330759,-0.283740259,0.935223201,-0.976609643,0.074041633,-0.113615602,-0.041830964,-0.473535486,-0.089997542,-0.207421855,-0.136971177,-0.219688646,-0.136971177,-0.219688646,-0.141428809,-0.07447175,-0.160979553,-0.186978365,-0.298703679,-0.325324879,-0.202794306,-0.31913472,-0.170546965,-0.133586606,-0.339032197,-0.516691939,-0.128623451,-0.398032587,-0.0571194,-0.103492403,-0.199252569,-0.321017954,-0.319308594,-0.381601912
1,walking downstairs,0.28918832,0.030035338,0.931874419,-0.950559812,0.054155316,-0.012283861,-0.03507819,-0.458030543,-0.073959204,-0.487027342,0.027188291,0.019884351,0.027188291,0.019884351,-0.089447481,-0.02578772,-0.075741254,-0.225724368,-0.295463843,-0.306510646,0.038229183,0.024330839,-0.027663868,-0.086327897,-0.352449631,-0.495422486,0.096584534,-0.186530301,0.026218495,-0.104052261,-0.185720286,-0.39835039,-0.281963359,-0.391919877
1,walking upstairs,0.25546169,-0.354708025,0.893351098,-0.956367028,0.10137273,-0.446843888,0.05054938,-0.544871105,-0.122232768,-0.614786508,-0.129927631,-0.324970929,-0.129927631,-0.324970929,-0.466503446,-0.478991622,-0.12673559,-0.148619318,-0.594882865,-0.648553044,-0.404321784,-0.337428189,-0.479875246,-0.461907026,-0.492611668,-0.565892491,-0.352395945,-0.416260102,-0.442652162,-0.533059854,-0.325961457,-0.182985518,-0.634665082,-0.693930522
2,laying,0.281373404,-0.974059465,-0.509754238,-0.959014441,0.082597251,-0.985872169,-0.018476607,-0.988275233,-0.101974134,-0.993235849,-0.977435485,-0.972873913,-0.977435485,-0.972873913,-0.987741696,-0.985518076,-0.95001157,-0.961164054,-0.991767074,-0.989718095,-0.97672506,-0.973246482,-0.985813631,-0.987250256,-0.986431143,-0.988860686,-0.975110196,-0.975121388,-0.985374115,-0.984568489,-0.972112973,-0.961098379,-0.990248702,-0.98949266
2,sitting,0.277087352,-0.98682228,0.940477273,-0.979988761,0.072256439,-0.988055854,-0.045470662,-0.985742028,-0.093632841,-0.989709023,-0.967893624,-0.953081444,-0.967893624,-0.953081444,-0.986774713,-0.984475868,-0.946035087,-0.961313624,-0.991081494,-0.98959492,-0.985803841,-0.98736209,-0.987848794,-0.989459107,-0.98262139,-0.986808502,-0.961273748,-0.955575602,-0.983874699,-0.984124186,-0.971840596,-0.961385745,-0.989861951,-0.989632909
2,standing,0.277911472,-0.987271889,0.896928567,-0.986685819,0.07475886,-0.981085716,-0.023862388,-0.97299863,-0.105562158,-0.979324001,-0.965875181,-0.957874965,-0.965875181,-0.957874965,-0.980489077,-0.97667528,-0.963466342,-0.95394338,-0.983951904,-0.977204428,-0.98394674,-0.98905647,-0.980973242,-0.983007924,-0.967037112,-0.974988125,-0.964052166,-0.960519381,-0.977065296,-0.97516046,-0.961775905,-0.956788726,-0.977849827,-0.977754298
2,walking,0.276426586,-0.423642838,0.913017333,-0.972693201,0.06180807,-0.277530463,-0.053025816,-0.561550256,-0.081883343,-0.389549832,-0.290407594,-0.422544169,-0.290407594,-0.422544169,-0.281424154,-0.164150985,-0.446549093,-0.553019916,-0.54791195,-0.557798151,-0.346048161,-0.457651384,-0.304615323,-0.314313063,-0.429713536,-0.604053019,-0.324289428,-0.577105212,-0.169064353,-0.164091969,-0.530704815,-0.65179284,-0.583249293,-0.558104555
2,walking downstairs,0.277615348,0.046366681,0.861831346,-0.94036176,0.110040616,0.147249143,-0.115947353,-0.32078923,-0.05810385,-0.243940593,0.08995112,0.215586335,0.08995112,0.215586335,0.005655163,0.229617185,-0.162188587,-0.274844111,-0.410872671,-0.343187875,0.11284116,0.01610462,0.138120681,0.049959062,-0.14577597,-0.379436674,0.293424827,-0.021478788,0.22224741,0.227480733,-0.320838544,-0.372576755,-0.380175306,-0.343698985
2,walking upstairs,0.24716479,-0.304376406,0.790717419,-0.93440774,0.074450784,-0.276121886,-0.057691263,-0.439253059,-0.0828858,-0.464854363,-0.10732268,-0.205977045,-0.10732268,-0.205977045,-0.321268911,-0.217389395,-0.219713473,-0.377532168,-0.572816439,-0.597291719,-0.266720933,-0.320582414,-0.25863944,-0.365415441,-0.331643577,-0.476358846,-0.145318539,-0.366728244,-0.189511137,-0.260423839,-0.450612185,-0.438620402,-0.600798496,-0.621820203
3,laying,0.275516853,-0.982776639,-0.241758478,-0.982512193,0.076981113,-0.980879315,-0.020817054,-0.974545752,-0.100044499,-0.980328645,-0.972791346,-0.964218176,-0.972791346,-0.964218176,-0.979484593,-0.976121298,-0.951564751,-0.954275111,-0.986713625,-0.983139256,-0.980665609,-0.983691129,-0.980513202,-0.983122616,-0.970167263,-0.975986434,-0.965524275,-0.968350217,-0.975949598,-0.975305378,-0.964586725,-0.955441856,-0.984278251,-0.982568158
3,sitting,0.257197599,-0.971010121,0.901098985,-0.957324458,0.072609842,-0.97446739,-0.03853652,-0.965434768,-0.103605889,-0.972546906,-0.89538335,-0.8703017,-0.89538335,-0.8703017,-0.969080753,-0.966550084,-0.919354372,-0.925518104,-0.977998052,-0.976772676,-0.970154441,-0.971605878,-0.974950363,-0.976283535,-0.957550638,-0.968013063,-0.904185726,-0.874626592,-0.965888892,-0.966568853,-0.946664944,-0.925449629,-0.977898106,-0.976689803
3,standing,0.280046513,-0.966742543,0.935030779,-0.982020428,0.075090062,-0.957086489,-0.024662607,-0.900462228,-0.099460262,-0.940937642,-0.925430819,-0.915143304,-0.925430819,-0.915143304,-0.95930384,-0.948770043,-0.892089349,-0.882125221,-0.96233934,-0.957679767,-0.96012341,-0.969931287,-0.957666857,-0.960570922,-0.901282268,-0.901985672,-0.926968932,-0.921836077,-0.948627468,-0.948206814,-0.913682363,-0.883439718,-0.960331718,-0.95712151
3,walking,0.275567462,-0.360356726,0.936506743,-0.977771591,0.081474588,-0.268679644,-0.025640519,-0.57186956,-0.095239817,-0.385922986,-0.254690333,-0.328428937,-0.254690333,-0.328428937,-0.280009317,-0.139916355,-0.466411754,-0.561510683,-0.566135218,-0.567371561,-0.316614012,-0.379276781,-0.304694443,-0.296596633,-0.437845764,-0.61512137,-0.290031535,-0.456373081,-0.186764517,-0.08985199,-0.569755772,-0.632643293,-0.607751646,-0.549087008
3,walking downstairs,0.292423485,-0.057410048,0.939057788,-0.95006113,0.072568929,-0.085801004,-0.131573276,-0.261653414,-0.077870165,-0.285683162,-0.062812612,-0.041134008,-0.062812612,-0.041134008,-0.205239247,-0.092632449,-0.215294501,-0.245794699,-0.508567577,-0.583919211,-0.042170694,-0.065441719,-0.090670713,-0.165442899,-0.129066574,-0.308630331,0.02894132,-0.233849422,-0.049477977,-0.159102288,-0.332376629,-0.322440827,-0.576277199,-0.624910821
3,walking upstairs,0.260819873,-0.313123438,0.883533436,-0.944040819,0.042688099,-0.458364617,0.072198031,-0.456039263,-0.115510569,-0.507270758,-0.184014895,-0.333597433,-0.184014895,-0.333597433,-0.436901159,-0.439020592,-0.347321812,-0.408886653,-0.658861401,-0.71802804,-0.392004211,-0.285333024,-0.478434306,-0.48644651,-0.378216682,-0.484820991,-0.315866079,-0.447994369,-0.412920898,-0.480609202,-0.514211584,-0.445181802,-0.716877779,-0.740033436
4,laying,0.263559215,-0.954193739,-0.420664662,-0.921199966,0.093449422,-0.978302781,-0.009231563,-0.973102422,-0.105019878,-0.975103204,-0.954557603,-0.931292217,-0.954557603,-0.931292217,-0.970095772,-0.960786431,-0.930236463,-0.947031782,-0.985068502,-0.982698214,-0.958802078,-0.952464881,-0.978542457,-0.980079293,-0.967203736,-0.975094739,-0.939389701,-0.937187976,-0.962287125,-0.958037119,-0.96155666,-0.947100325,-0.983609073,-0.982543632
4,sitting,0.27153828,-0.980309931,0.869303006,-0.981405295,0.078450024,-0.976742196,-0.049443512,-0.97013179,-0.096949484,-0.969899731,-0.93569482,-0.914407845,-0.93569482,-0.914407845,-0.970132284,-0.96254911,-0.926063314,-0.928898293,-0.980490462,-0.97580669,-0.977462498,-0.981908189,-0.976845713,-0.978776912,-0.960589636,-0.973333107,-0.929002095,-0.91981571,-0.962500734,-0.961584519,-0.948769752,-0.928850554,-0.976547763,-0.976261754
4,standing,0.280499746,-0.97692058,0.956197791,-0.972908356,0.072132838,-0.972586542,-0.030644934,-0.909687974,-0.103057894,-0.949633879,-0.906478052,-0.890976683,-0.906478052,-0.890976683,-0.963370738,-0.958159482,-0.900982101,-0.885144318,-0.967614074,-0.964282784,-0.97349755,-0.978737638,-0.972310894,-0.975706724,-0.905464162,-0.912464794,-0.917614015,-0.895340042,-0.956139284,-0.960032499,-0.914209166,-0.887194404,-0.964471139,-0.966430218
4,walking,0.278582015,-0.440829971,0.963999697,-0.983826495,0.078352908,-0.297042613,-0.031798256,-0.500916659,-0.115321556,-0.492341067,-0.312050574,-0.527679103,-0.312050574,-0.527679103,-0.36670088,-0.316918956,-0.497792201,-0.553116111,-0.681304037,-0.730146369,-0.42671945,-0.44723493,-0.358883414,-0.297326072,-0.373384541,-0.542646759,-0.450804558,-0.651172628,-0.318587811,-0.320458701,-0.609285588,-0.593937201,-0.724327421,-0.757768081
4,walking downstairs,0.27996533,0.01119355,0.947731859,-0.955258881,0.097186275,-0.145759709,-0.102838823,-0.370244695,-0.092128273,-0.395995494,-0.049161673,-0.081955904,-0.049161673,-0.081955904,-0.228851414,-0.216858922,-0.346606293,-0.380572625,-0.592843015,-0.637079544,-0.072239228,0.039009826,-0.161632908,-0.208250062,-0.240298893,-0.414919001,-0.019074335,-0.26364403,-0.175295287,-0.280426777,-0.42921337,-0.457674088,-0.621752456,-0.685470932
4,walking upstairs,0.270876697,-0.204933043,0.946264314,-0.958495236,0.056097191,-0.380488027,0.03938252,-0.454431043,-0.131472071,-0.533666804,-0.153703935,-0.2120123,-0.153703935,-0.2120123,-0.400922255,-0.437261478,-0.299779408,-0.510974134,-0.686978374,-0.755270458,-0.29448827,-0.173217219,-0.418304647,-0.396762585,-0.371068993,-0.483548693,-0.276825498,-0.301005898,-0.397406285,-0.497324087,-0.575794072,-0.552489629,-0.740749226,-0.794209483
5,laying,0.278334326,-0.96593451,-0.483470598,-0.945695336,0.084816482,-0.983307862,-0.021893501,-0.979498707,-0.102114125,-0.983422258,-0.966777883,-0.958612786,-0.966777883,-0.958612786,-0.980141254,-0.977477145,-0.946938301,-0.958287922,-0.986419423,-0.98377138,-0.968741678,-0.964953894,-0.982689657,-0.98562527,-0.975797492,-0.98070577,-0.962234984,-0.962525369,-0.97735638,-0.976381935,-0.968257069,-0.959263063,-0.984618026,-0.983434493
5,sitting,0.27369414,-0.980945022,0.880731444,-0.983137542,0.074957741,-0.97520485,-0.042235521,-0.966225485,-0.088974767,-0.966037012,-0.937978323,-0.920939028,-0.937978323,-0.920939028,-0.969320156,-0.965757732,-0.934301647,-0.93141481,-0.973848287,-0.97039261,-0.977450812,-0.982590843,-0.976024951,-0.976530547,-0.957117252,-0.969390369,-0.936290605,-0.925669291,-0.964440302,-0.966545323,-0.944760322,-0.934746865,-0.97159837,-0.970675403
5,standing,0.282544391,-0.968591816,0.960188699,-0.974088206,0.072518986,-0.96264708,-0.03227119,-0.910395222,-0.092224986,-0.941930044,-0.906104701,-0.879773801,-0.906104701,-0.879773801,-0.956863566,-0.942962048,-0.900671631,-0.867041712,-0.958405901,-0.947970724,-0.964500917,-0.970668409,-0.963059235,-0.965778921,-0.909661802,-0.912780916,-0.904641393,-0.886745171,-0.941825903,-0.94360196,-0.904543922,-0.868913994,-0.952286438,-0.946196463
5,walking,0.277842346,-0.294098534,0.97262496,-0.979348381,0.084588883,-0.302891025,-0.04889199,-0.490877498,-0.088840836,-0.357681403,-0.158338674,-0.377178733,-0.158338674,-0.377178733,-0.288333024,-0.282242277,-0.355933084,-0.492176824,-0.444532485,-0.489199746,-0.287782607,-0.297517355,-0.344954806,-0.32139032,-0.37266875,-0.52939279,-0.304992489,-0.519636926,-0.269481661,-0.305685376,-0.484262829,-0.589741507,-0.548053575,-0.455665301
5,walking downstairs,0.293543927,0.27504611,0.956649353,-0.950490939,0.1096506,0.03224155,-0.06829457,-0.460646845,-0.110149008,-0.411302217,0.211138854,0.205422376,0.211138854,0.205422376,-0.063752856,-0.029257051,-0.218029835,-0.360678305,-0.397195621,-0.450303212,0.098432009,0.336554725,-0.036801215,0.011055933,-0.295345101,-0.514940941,0.155742169,0.042853362,0.009183943,-0.0897357,-0.349338415,-0.484141274,-0.453697247,-0.487128423
5,walking upstairs,0.26845947,-0.045723778,0.936821835,-0.953579969,0.079544348,-0.223896564,0.039519112,-0.443342262,-0.143029686,-0.305245202,0.043556202,-0.136736384,0.043556202,-0.136736384,-0.247403477,-0.310186546,-0.235516929,-0.35468787,-0.473488168,-0.557988066,-0.16148534,-0.004738197,-0.28972547,-0.225327843,-0.263615096,-0.50168558,-0.169261525,-0.254091927,-0.264674939,-0.378616676,-0.392564531,-0.440445052,-0.571344139,-0.57248502
6,laying,0.24865652,-0.934049422,-0.476709879,-0.88774631,0.096348196,-0.966341055,-0.007960503,-0.955378225,-0.111267285,-0.939611608,-0.918878851,-0.897326246,-0.918878851,-0.897326246,-0.954750505,-0.950341934,-0.908980175,-0.920914497,-0.955645738,-0.953157002,-0.939114254,-0.932462941,-0.967072437,-0.968619159,-0.93543977,-0.962164979,-0.912351652,-0.90537398,-0.948655471,-0.951552664,-0.930153639,-0.92869489,-0.953695957,-0.955504655
6,sitting,0.276778487,-0.980164934,0.933692935,-0.988872369,0.075472164,-0.969929476,-0.037244228,-0.957367682,-0.093669352,-0.943714805,-0.949543531,-0.931572656,-0.949543531,-0.931572656,-0.962733502,-0.948181828,-0.932703812,-0.921259473,-0.962929228,-0.950150572,-0.975351455,-0.982451285,-0.97103748,-0.971488767,-0.939671401,-0.963407047,-0.935750391,-0.939547203,-0.948348654,-0.9473047,-0.929725679,-0.929549142,-0.952034566,-0.951196693
6,standing,0.280346249,-0.98175816,0.945139004,-0.985583067,0.07306996,-0.973132636,-0.028251913,-0.947561299,-0.103292534,-0.946423593,-0.945022876,-0.93931025,-0.945022876,-0.93931025,-0.967102436,-0.956099146,-0.939404744,-0.915891573,-0.963406223,-0.952536234,-0.977100287,-0.984067374,-0.973480539,-0.975235678,-0.931612384,-0.952817395,-0.945949804,-0.944564108,-0.955914005,-0.955381579,-0.926664297,-0.923108762,-0.955425138,-0.952088499
6,walking,0.283658868,-0.296538717,0.958067455,-0.977779896,0.069958588,-0.132784767,-0.025509619,-0.446020953,-0.087889109,-0.182600934,-0.166840714,-0.266734167,-0.166840714,-0.266734167,-0.195117026,-0.070602965,-0.281207841,-0.365602917,-0.321290483,-0.364708342,-0.187934323,-0.34522769,-0.150942918,-0.192694694,-0.239650711,-0.515323854,-0.201386608,-0.421683094,-0.055401423,-0.09649997,-0.329681123,-0.510648323,-0.366500534,-0.408078906
6,walking downstairs,0.277045258,0.38368164,0.928531455,-0.954406268,0.103681344,0.165271071,-0.096083744,-0.198303853,-0.025645223,0.039338796,0.333754731,0.373611914,0.333754731,0.373611914,0.103845072,0.209502174,0.014267782,-0.042627675,-0.082936685,-0.111228416,0.328308506,0.403369767,0.136554991,0.08865151,0.063371605,-0.286724915,0.395958035,0.144622757,0.243834259,0.154808861,-0.014373543,-0.242353857,-0.132705384,-0.145733545
6,walking upstairs,0.268229355,-0.050135019,0.913632242,-0.959399425,0.07210675,-0.180301156,-0.076740683,-0.321973724,-0.065202449,-0.186763294,0.017779097,-0.079150884,0.017779097,-0.079150884,-0.207379799,-0.169970363,-0.129121244,-0.19989371,-0.342895368,-0.440079851,-0.131075373,-0.021133563,-0.24481277,-0.186815074,-0.115065008,-0.390248128,-0.08194794,-0.222161434,-0.169868234,-0.177734841,-0.230627015,-0.318173893,-0.459236334,-0.455937719
7,laying,0.250176694,-0.93651361,-0.502814251,-0.91422127,0.096890402,-0.980977756,-0.002826419,-0.960126823,-0.105944243,-0.973837233,-0.936392024,-0.907039513,-0.936392024,-0.907039513,-0.98012724,-0.967310932,-0.915793635,-0.918662459,-0.983008829,-0.971205138,-0.953424246,-0.931120581,-0.980393047,-0.983560175,-0.953684548,-0.962348254,-0.927976881,-0.910542463,-0.968066259,-0.965359228,-0.941130719,-0.918892519,-0.974117912,-0.969403035
7,sitting,0.284674637,-0.972668375,0.969147824,-0.957082433,0.066851979,-0.982158098,-0.049637972,-0.941870953,-0.093815563,-0.974369046,-0.918432107,-0.88195762,-0.918432107,-0.88195762,-0.976559676,-0.970243274,-0.897870535,-0.898063314,-0.981665122,-0.97621443,-0.972697127,-0.972879966,-0.982037244,-0.984026344,-0.943631758,-0.942726423,-0.908956776,-0.886915638,-0.970954184,-0.968494868,-0.933081955,-0.895804978,-0.978634991,-0.974965939
7,standing,0.282723539,-0.97930757,0.958728688,-0.987917504,0.075191511,-0.976403545,-0.029158221,-0.945247687,-0.090153966,-0.965983398,-0.942724659,-0.933590157,-0.942724659,-0.933590157,-0.973381306,-0.968566356,-0.943425565,-0.918438959,-0.977377083,-0.97210793,-0.976681834,-0.980541336,-0.976323086,-0.978729083,-0.938121638,-0.947891986,-0.94561145,-0.937287965,-0.967417888,-0.969092162,-0.938704985,-0.919848139,-0.973671169,-0.971899418
7,walking,0.275592962,-0.327243241,0.932566472,-0.979851271,0.090146265,-0.346026226,0.002288352,-0.503313517,-0.1236542,-0.211667297,-0.097809044,-0.198554708,-0.097809044,-0.198554708,-0.1929489,-0.027557329,-0.305959351,-0.198283167,-0.30002278,-0.095340116,-0.343048406,-0.322034908,-0.383715798,-0.365314791,-0.318395105,-0.563615257,-0.15124365,-0.351706781,-0.03841873,-0.022138358,-0.192909765,-0.343894915,-0.155339856,-0.084166377
7,walking downstairs,0.28030708,0.06608156,0.930623633,-0.964875963,0.096892618,0.028503393,-0.105409613,-0.407744096,-0.059727351,-0.510731018,0.019879529,0.214544028,0.019879529,0.214544028,-0.170319619,0.090183628,-0.188740819,-0.259751603,-0.399229959,-0.294778677,0.044342832,0.07301108,-0.030522669,-0.004262891,-0.33930147,-0.432730974,0.218911066,0.021444098,0.067389886,0.10785684,-0.255045057,-0.396909652,-0.289096677,-0.353544696
7,walking upstairs,0.248706923,-0.294872974,0.81874656,-0.932823053,0.072464994,-0.415153116,-0.138778108,-0.363853237,-0.085664087,-0.616812659,-0.198074438,-0.334744607,-0.198074438,-0.334744607,-0.458695232,-0.471265711,-0.239099166,-0.418144852,-0.661969772,-0.676428073,-0.336199426,-0.279870086,-0.454647882,-0.426974026,-0.383889343,-0.368636961,-0.378618762,-0.415307107,-0.454783247,-0.497441363,-0.533982946,-0.444994482,-0.673327282,-0.704090968
8,laying,0.261254283,-0.943041215,-0.405930036,-0.918873192,0.08783269,-0.973253042,0.005353612,-0.965204018,-0.106445008,-0.969924077,-0.935308634,-0.91325033,-0.935308634,-0.91325033,-0.97314749,-0.962954517,-0.924253349,-0.932470764,-0.978438191,-0.969029112,-0.953538564,-0.940125298,-0.973110596,-0.975959911,-0.957903886,-0.967846361,-0.932279646,-0.917257979,-0.961792852,-0.963791094,-0.944528951,-0.93678697,-0.968403946,-0.97179328
8,sitting,0.267491473,-0.979026152,0.832453878,-0.966757967,0.078671376,-0.985188754,-0.054739699,-0.984524053,-0.092315025,-0.993264647,-0.952139704,-0.929943616,-0.952139704,-0.929943616,-0.986061512,-0.980667377,-0.932682243,-0.953001632,-0.991807428,-0.986756671,-0.98114291,-0.978256731,-0.984977271,-0.986913611,-0.98220031,-0.985339302,-0.947981783,-0.93172124,-0.980932292,-0.979320212,-0.965806789,-0.953251157,-0.987730604,-0.986147263
8,standing,0.279620986,-0.988815418,0.957669921,-0.987690217,0.075373905,-0.98919888,-0.021967198,-0.97299038,-0.097757576,-0.981573086,-0.953762884,-0.937187185,-0.953762884,-0.937187185,-0.984920798,-0.979932239,-0.952848497,-0.95322479,-0.987580588,-0.982460332,-0.988219862,-0.98918375,-0.989029239,-0.990414087,-0.969677436,-0.974200998,-0.953746071,-0.938628186,-0.979745872,-0.979135441,-0.964564224,-0.954119826,-0.983709233,-0.981832336
8,walking,0.27468631,-0.173605736,0.913586348,-0.97475205,0.070339349,-0.258688628,0.023508823,-0.199209718,-0.135886431,-0.24608275,0.051678628,-0.180407283,0.051678628,-0.180407283,-0.066832243,-0.184571054,-0.003102438,-0.238746704,-0.33912927,-0.502957255,-0.247389012,-0.148386859,-0.311198711,-0.271448185,-0.102063054,-0.234252006,-0.095217283,-0.360818979,-0.12383441,-0.27643613,-0.301241849,-0.327459578,-0.473026231,-0.581240191
8,walking downstairs,0.283484089,0.024139347,0.914023498,-0.945766562,0.118938088,0.250143725,-0.121189626,-0.258430886,-0.034928349,-0.267887897,0.176599312,0.131337867,0.176599312,0.131337867,0.26262849,0.253408256,0.099342974,-0.046629187,-0.126189143,-0.157484867,0.1365902,-0.026046326,0.214841403,0.172658982,-0.130740445,-0.302735103,0.301626757,-0.156141094,0.33152846,0.134734731,-0.00036273,-0.255590314,-0.125179587,-0.26298447
8,walking upstairs,0.258880152,-0.171712175,0.860368719,-0.926673288,0.081381681,-0.186618895,0.192704476,-0.367428367,-0.155445674,-0.405070692,0.121026629,-0.227200254,0.121026629,-0.227200254,-0.141494613,-0.228296364,0.166447991,-0.109327924,-0.400664014,-0.493975032,-0.166411065,-0.17528499,-0.200277249,-0.247336618,-0.240260762,-0.409955581,-0.130264519,-0.409282852,-0.131850567,-0.3792665,-0.229610953,-0.183325647,-0.463270578,-0.575733291
9,laying,0.259195537,-0.94233309,-0.580252835,-0.921821063,0.088073448,-0.96474047,-0.013632036,-0.94224651,-0.10384668,-0.945329035,-0.930868438,-0.9151268,-0.930868438,-0.9151268,-0.963374549,-0.955026805,-0.9071251,-0.898557874,-0.964524819,-0.95280156,-0.946865494,-0.940981027,-0.964304065,-0.968601304,-0.930297921,-0.94638915,-0.926604295,-0.921929738,-0.954320586,-0.955094712,-0.918605336,-0.903400581,-0.955806255,-0.95229047
9,sitting,0.248326744,-0.957227791,0.916324511,-0.955280406,0.077005006,-0.964535856,-0.042328877,-0.959020049,-0.093070811,-0.964532345,-0.893361718,-0.863756434,-0.893361718,-0.863756434,-0.964383757,-0.951780243,-0.903235537,-0.906606321,-0.973364137,-0.966361073,-0.959413594,-0.956903459,-0.96559624,-0.966660404,-0.950315237,-0.961836016,-0.897718197,-0.869172511,-0.953050441,-0.949394981,-0.934437738,-0.906471229,-0.968315588,-0.965997015
9,standing,0.282310057,-0.975741252,0.961323502,-0.98910316,0.076003205,-0.969973399,-0.029183136,-0.921990612,-0.095897704,-0.949105692,-0.945167482,-0.93610501,-0.945167482,-0.93610501,-0.969524579,-0.963764178,-0.921030223,-0.908291403,-0.969824044,-0.965287051,-0.971662692,-0.977579248,-0.971313769,-0.971278823,-0.916974438,-0.924738576,-0.946330172,-0.940265546,-0.963242884,-0.96359316,-0.929769068,-0.91090966,-0.967491628,-0.964770799
9,walking,0.278502842,-0.238353563,0.95186708,-0.980971974,0.070435727,-0.206733788,-0.08083606,-0.476163507,-0.080920409,-0.526985309,-0.09808405,-0.37942877,-0.09808405,-0.37942877,-0.203733616,-0.317113487,-0.294542267,-0.489725812,-0.510253996,-0.599866473,-0.294711164,-0.218019977,-0.314265401,-0.17022834,-0.383676121,-0.507404513,-0.318801023,-0.513891953,-0.316870716,-0.322337537,-0.51379748,-0.562714529,-0.602581618,-0.624351924
9,walking downstairs,0.295923445,0.213392271,0.938417773,-0.952141221,0.130193044,0.017623342,-0.091638301,-0.396429198,-0.094591202,-0.509669314,0.145886358,0.265120131,0.145886358,0.265120131,-0.162376089,0.039907819,-0.168921401,-0.322331465,-0.469028434,-0.455855425,0.103128506,0.250488759,-0.064535434,0.009382243,-0.325042891,-0.423558774,0.222203941,0.088867167,0.007168779,0.070552614,-0.347540227,-0.424170737,-0.463172054,-0.485158907
9,walking upstairs,0.262436476,-0.361444378,0.902647778,-0.954383557,0.069226625,-0.335291645,-0.16396719,-0.343976631,-0.068468959,-0.660419534,-0.260727581,-0.400222037,-0.260727581,-0.400222037,-0.44066754,-0.445485398,-0.083323449,-0.425839761,-0.672840562,-0.748651256,-0.342735953,-0.369815777,-0.40204475,-0.32742199,-0.313941631,-0.361626377,-0.372890349,-0.509929461,-0.419533109,-0.484935752,-0.531482694,-0.456841325,-0.734159449,-0.787781591
10,laying,0.280230574,-0.968283685,-0.453069738,-0.954531942,0.073815064,-0.978007467,-0.019555937,-0.9617132,-0.100308254,-0.965900578,-0.95678182,-0.940301654,-0.95678182,-0.940301654,-0.976234435,-0.967556981,-0.937590999,-0.927471166,-0.970830849,-0.959632932,-0.969184209,-0.967968039,-0.979014669,-0.978904364,-0.953793912,-0.964544566,-0.950848109,-0.944304975,-0.968561122,-0.965377553,-0.937692643,-0.933701315,-0.960976822,-0.960772876
10,sitting,0.270612056,-0.982901826,0.791887198,-0.973128354,0.077537251,-0.988946414,-0.043243218,-0.988873097,-0.093155503,-0.992326657,-0.9607572,-0.939669591,-0.9607572,-0.939669591,-0.988054238,-0.985209856,-0.944202044,-0.963064578,-0.993707488,-0.991696196,-0.984943144,-0.982242428,-0.989365014,-0.989550917,-0.986477363,-0.989712361,-0.955281011,-0.941511953,-0.985900801,-0.983266741,-0.974459733,-0.962459956,-0.992191529,-0.991409101
10,standing,0.276650301,-0.978403482,0.954008785,-0.991259485,0.080978439,-0.96431149,-0.028185433,-0.929895058,-0.104753833,-0.950367548,-0.951988908,-0.937264538,-0.951988908,-0.937264538,-0.965163818,-0.952058215,-0.92978726,-0.92048681,-0.971637662,-0.96440941,-0.970099814,-0.982949246,-0.963565166,-0.968612136,-0.924005913,-0.932273943,-0.940110168,-0.945048243,-0.95163369,-0.952105965,-0.937786743,-0.92296155,-0.965614081,-0.965055815
10,walking,0.278574077,-0.178709734,0.96309215,-0.974435158,0.085794381,-0.052199101,0.010689498,-0.414205475,-0.122709563,-0.366063723,-0.127400912,-0.185602396,-0.127400912,-0.185602396,-0.132624992,0.037608338,-0.15645873,-0.402025136,-0.440363637,-0.501027917,-0.114190001,-0.206366497,-0.107941107,-0.079151827,-0.277913781,-0.458292933,-0.093023742,-0.370471944,0.020518952,0.050208763,-0.41261691,-0.499759797,-0.515065336,-0.517675799
10,walking downstairs,0.290401594,0.295733548,0.939807421,-0.939267613,0.100959387,0.223275806,-0.124839594,-0.304745377,-0.064376401,-0.416986139,0.250843769,0.156998205,0.250843769,0.156998205,0.050701023,0.110877231,-0.023846804,-0.280382851,-0.401854311,-0.494105756,0.215665273,0.324957743,0.181419131,0.156912679,-0.21435028,-0.339514358,0.220115703,-0.061674284,0.156978047,0.03802667,-0.31234751,-0.387780104,-0.484196485,-0.544988519
10,walking upstairs,0.267121853,-0.161591924,0.931861027,-0.959216072,0.06488293,-0.187220176,0.073344717,-0.308534708,-0.157212539,-0.427291344,-0.026662329,-0.21153748,-0.026662329,-0.21153748,-0.262038042,-0.226010198,0.043857385,-0.113062674,-0.523462969,-0.618272355,-0.139410791,-0.171957349,-0.201214322,-0.247598321,-0.218524717,-0.34130162,-0.166866722,-0.361437535,-0.153553147,-0.334365044,-0.265371689,-0.166969378,-0.600582998,-0.671290562
11,laying,0.280592971,-0.98477733,-0.134832031,-0.979565602,0.076664534,-0.985259109,-0.019174384,-0.980836885,-0.102297502,-0.981724838,-0.98062118,-0.972891829,-0.98062118,-0.972891829,-0.983330628,-0.976504859,-0.952523752,-0.954713183,-0.990641248,-0.984476477,-0.983801366,-0.985322212,-0.984884874,-0.987122678,-0.976187471,-0.982424585,-0.973994005,-0.976037696,-0.976940775,-0.975126531,-0.967093356,-0.954849054,-0.985978837,-0.983569468
11,sitting,0.276590197,-0.982796562,0.871963798,-0.988069341,0.076177732,-0.980335164,-0.039998492,-0.988164912,-0.094842348,-0.990501518,-0.961970764,-0.944581826,-0.961970764,-0.944581826,-0.979355635,-0.974511727,-0.951884472,-0.959964488,-0.989519031,-0.986256665,-0.981481454,-0.98338981,-0.98083175,-0.981607942,-0.985106875,-0.989189513,-0.953066009,-0.948521986,-0.975315332,-0.972289134,-0.969799951,-0.960711242,-0.987255973,-0.985607229
11,standing,0.277715563,-0.994978879,0.956464536,-0.994529398,0.076009772,-0.992527404,-0.029314152,-0.980242495,-0.099519356,-0.986690404,-0.984853837,-0.980305369,-0.984853837,-0.980305369,-0.989242377,-0.988853961,-0.979978011,-0.977071437,-0.993428184,-0.992579167,-0.993808051,-0.995573763,-0.992385451,-0.993414564,-0.978301717,-0.981009116,-0.982255414,-0.98150397,-0.988636595,-0.988021231,-0.98257652,-0.977437711,-0.99298102,-0.992277469
11,walking,0.271821893,-0.422842072,0.946468451,-0.981101014,0.082970933,-0.428516344,-0.0426929,-0.596346931,-0.09182042,-0.541616397,-0.288323472,-0.487735915,-0.288323472,-0.487735915,-0.402333202,-0.403141285,-0.421801674,-0.558362783,-0.630732706,-0.753671416,-0.396533732,-0.433703312,-0.453265269,-0.45394304,-0.514753308,-0.623150269,-0.458514063,-0.584455992,-0.395116134,-0.417446816,-0.610222629,-0.599745438,-0.751914457,-0.773574065
11,walking downstairs,0.291605632,0.142456557,0.941746407,-0.954497499,0.089716866,-0.083421265,-0.125068699,-0.374069024,-0.022091627,-0.534374948,0.126227657,0.050774365,0.126227657,0.050774365,-0.19820614,-0.127017223,-0.19788336,-0.339349828,-0.599294761,-0.677750588,0.035193723,0.179906764,-0.120463005,-0.128341631,-0.318777013,-0.397722758,0.090280758,-0.13712306,-0.097454997,-0.173661754,-0.456170109,-0.380559427,-0.668340528,-0.714229669
11,walking upstairs,0.263775859,-0.238802959,0.892626156,-0.953463106,0.096856168,-0.452961684,-0.08209097,-0.50133163,-0.064524541,-0.660431336,-0.132594624,-0.289592148,-0.132594624,-0.289592148,-0.509587701,-0.490485807,-0.255048337,-0.377909862,-0.757314814,-0.80112704,-0.355348902,-0.198733656,-0.495927372,-0.458255021,-0.471782782,-0.517811646,-0.336061027,-0.376027879,-0.475928502,-0.513703461,-0.55009966,-0.381223383,-0.795986114,-0.822428719
12,laying,0.260113433,-0.95531868,-0.378592065,-0.936458309,0.085429539,-0.969276283,-0.014654681,-0.966090742,-0.09904023,-0.967198203,-0.948204676,-0.936542687,-0.948204676,-0.936542687,-0.969843834,-0.962580915,-0.930840594,-0.935725716,-0.971067769,-0.962012018,-0.956248488,-0.955207642,-0.968742759,-0.972820011,-0.956653887,-0.969254585,-0.94386744,-0.942133255,-0.962448419,-0.961653004,-0.945497023,-0.940373828,-0.963949607,-0.961911612
12,sitting,0.275007225,-0.982568782,0.926228975,-0.985203642,0.077127766,-0.976494201,-0.042415918,-0.974425352,-0.094102349,-0.977329927,-0.952176621,-0.9475171,-0.952176621,-0.9475171,-0.97473449,-0.972745893,-0.941907241,-0.946769242,-0.980392338,-0.978260536,-0.979666144,-0.983999477,-0.977109887,-0.977980349,-0.968528985,-0.976339901,-0.955944253,-0.950647189,-0.971715269,-0.972951443,-0.958511867,-0.948460979,-0.978484454,-0.979256387
12,standing,0.277405835,-0.981243992,0.957317822,-0.98531421,0.074463176,-0.972440195,-0.030003043,-0.883655252,-0.097638041,-0.955415642,-0.941459935,-0.935232945,-0.941459935,-0.935232945,-0.968790683,-0.962678857,-0.888101373,-0.852271618,-0.969289974,-0.961923172,-0.976469472,-0.983647207,-0.971971634,-0.975581439,-0.890292711,-0.884385204,-0.945217803,-0.939741929,-0.96085901,-0.964145595,-0.902356766,-0.850033172,-0.963059792,-0.962909739
12,walking,0.277128666,-0.128898533,0.966873515,-0.97911312,0.045764401,-0.013506611,-0.104513671,-0.546263471,-0.062238932,-0.390807238,-0.10220455,-0.236972869,-0.10220455,-0.236972869,-0.144064923,-0.02028505,-0.355930365,-0.413208341,-0.517493775,-0.548890451,-0.05435764,-0.160707261,-0.081619795,-0.031059295,-0.401975932,-0.593142882,-0.153116003,-0.408896299,-0.029912425,-0.013953909,-0.442503784,-0.494802215,-0.561176441,-0.564934013
12,walking downstairs,0.281521097,0.042408492,0.949861981,-0.959504017,0.062150025,0.006319144,-0.112531564,-0.362143062,-0.026466897,-0.278608164,0.018313943,0.097260827,0.018313943,0.097260827,-0.10709102,0.065578127,-0.213351511,-0.320458626,-0.442831079,-0.452449935,0.023504935,0.048334707,-0.007014723,-0.072311432,-0.178856167,-0.422363238,0.148017269,-0.105124972,0.076996837,0.042063125,-0.34493842,-0.423553972,-0.458227491,-0.486780424
12,walking upstairs,0.272970339,-0.290149192,0.938371473,-0.96024629,0.072866081,-0.359856972,-0.09312341,-0.526659296,-0.045563887,-0.549999188,-0.229183927,-0.285844036,-0.229183927,-0.285844036,-0.432469301,-0.329827968,-0.316561586,-0.525686949,-0.674972132,-0.713406712,-0.321447925,-0.278929748,-0.385843754,-0.39060122,-0.426360332,-0.560462964,-0.290005419,-0.395285131,-0.320884463,-0.346565142,-0.594032515,-0.564435087,-0.714332592,-0.733130764
13,laying,0.27671636,-0.968891989,-0.156852206,-0.957875245,0.076777483,-0.98541995,-0.0097361,-0.97214347,-0.101835574,-0.981404743,-0.960517768,-0.947944747,-0.960517768,-0.947944747,-0.985467854,-0.980066243,-0.944303112,-0.944687481,-0.985446265,-0.975113306,-0.97471692,-0.966960088,-0.985199684,-0.987078175,-0.96946349,-0.973446792,-0.959535494,-0.949431319,-0.980754386,-0.97804435,-0.957681621,-0.946133432,-0.978150814,-0.972798632
13,sitting,0.2743285,-0.989546275,0.925576512,-0.981379113,0.075286588,-0.992827264,-0.035512486,-0.985844263,-0.095919849,-0.991371017,-0.957690564,-0.937935739,-0.957690564,-0.937935739,-0.989497839,-0.988813098,-0.951142644,-0.963940591,-0.992604304,-0.991414935,-0.990135478,-0.989410583,-0.992678213,-0.99368217,-0.983218203,-0.986714694,-0.95690156,-0.938529931,-0.988348535,-0.988332303,-0.973258278,-0.964268098,-0.991723742,-0.991219446
13,standing,0.277758431,-0.991020759,0.942695297,-0.992232402,0.075863096,-0.987636104,-0.029549216,-0.955577396,-0.098119999,-0.978465125,-0.971564243,-0.968519674,-0.971564243,-0.968519674,-0.986800028,-0.981865617,-0.957825372,-0.944980198,-0.983637635,-0.97619766,-0.989425966,-0.991817705,-0.988198277,-0.988185113,-0.957154108,-0.955818412,-0.972393559,-0.970445379,-0.981977536,-0.980621263,-0.957488799,-0.946857485,-0.977197404,-0.97646733
13,walking,0.27588313,-0.346980394,0.910855709,-0.972544922,0.080959023,-0.220910068,-0.017420763,-0.376059914,-0.096659859,-0.216812065,-0.135643868,-0.292546377,-0.135643868,-0.292546377,-0.133205035,-0.131788529,-0.218669558,-0.253240072,-0.30350821,-0.32211838,-0.335030121,-0.353299849,-0.290460802,-0.21971616,-0.192856474,-0.435714711,-0.234600866,-0.438388953,-0.152111501,-0.113591924,-0.267472374,-0.379951835,-0.338527134,-0.349285611
13,walking downstairs,0.294907553,-0.068156363,0.94187562,-0.952643084,0.101704538,-0.074090805,-0.122672202,-0.417014162,-0.064719984,-0.463736674,-0.02946343,-0.01560982,-0.02946343,-0.01560982,-0.127926052,-0.043395984,-0.102114481,-0.236762631,-0.323552439,-0.27649151,-0.072660266,-0.068043622,-0.114851556,-0.114744976,-0.319677125,-0.452190387,0.052879188,-0.210912766,-0.028215666,-0.070989384,-0.206121707,-0.400560061,-0.266399903,-0.343094861
13,walking upstairs,0.25820394,-0.296284597,0.847634313,-0.946441502,0.069244207,-0.48732554,-0.138293762,-0.541066687,-0.066481718,-0.631037584,-0.101153502,-0.326339622,-0.101153502,-0.326339622,-0.456190454,-0.451225931,-0.237182958,-0.415658606,-0.631964902,-0.669216383,-0.382460736,-0.266081292,-0.506212136,-0.514337759,-0.482113008,-0.562911003,-0.367522801,-0.409065516,-0.425100007,-0.491090809,-0.485477309,-0.4707708,-0.656088544,-0.7122615
14,laying,0.23327544,-0.917501887,-0.145483632,-0.862136937,0.098140385,-0.971473557,0.005052212,-0.957221015,-0.105446637,-0.970274963,-0.90597825,-0.856593119,-0.90597825,-0.856593119,-0.972576393,-0.966450909,-0.904665418,-0.913433186,-0.975621183,-0.964009922,-0.933936178,-0.911972655,-0.972010709,-0.973491388,-0.949959041,-0.959740489,-0.899463669,-0.859606047,-0.967988596,-0.963607434,-0.930151731,-0.917760105,-0.966455343,-0.963666018
14,sitting,0.279990577,-0.976302248,0.93903876,-0.976280399,0.074187884,-0.980890655,-0.044040333,-0.980829981,-0.092161458,-0.99028424,-0.944197944,-0.92549583,-0.944197944,-0.92549583,-0.976521006,-0.973343389,-0.942756369,-0.947081158,-0.988317607,-0.98696399,-0.976456609,-0.976303057,-0.981566649,-0.981920831,-0.978577118,-0.981573087,-0.940589853,-0.929193937,-0.972985343,-0.972959409,-0.963320541,-0.946517964,-0.987324239,-0.987065178
14,standing,0.280545614,-0.973268905,0.875319569,-0.972005366,0.073793375,-0.978248526,-0.022088653,-0.961091762,-0.100718459,-0.969948875,-0.943456847,-0.936735577,-0.943456847,-0.936735577,-0.972965788,-0.970437183,-0.943530017,-0.931426204,-0.974873328,-0.966834217,-0.972699563,-0.973605554,-0.97818164,-0.980396602,-0.957111767,-0.962741033,-0.94971506,-0.93979987,-0.970214126,-0.969677516,-0.944405564,-0.934815561,-0.969175637,-0.966019259
14,walking,0.271959599,-0.402639098,0.802973962,-0.974816884,0.072087791,-0.45449702,-0.003476551,-0.600388222,-0.110656055,-0.571759912,-0.144404672,-0.363805628,-0.144404672,-0.363805628,-0.377293155,-0.439746918,-0.137208742,-0.201401931,-0.519895047,-0.606103314,-0.421498173,-0.395859986,-0.472360617,-0.48479771,-0.508595852,-0.630082076,-0.373516771,-0.457490009,-0.431591453,-0.453426009,-0.31138645,-0.265504552,-0.591036936,-0.655677662
14,walking downstairs,0.293422116,0.01783134,0.81629643,-0.919098794,0.042863163,0.012959755,-0.014707965,-0.354551638,-0.108620378,-0.537002098,0.185537707,0.428405923,0.185537707,0.428405923,0.035360138,0.194708839,0.166340012,-0.066514457,-0.275120883,-0.274744004,0.021254155,0.014082609,-0.033782046,-0.030239637,-0.295315542,-0.378882873,0.471905155,0.178684581,0.186223478,0.194263424,-0.078756841,-0.223927431,-0.254747132,-0.356849425
14,walking upstairs,0.262421066,-0.309396718,0.688256122,-0.928523641,0.080330302,-0.368780419,0.081384169,-0.454283338,-0.128266668,-0.646611034,0.140108204,-0.019768669,0.140108204,-0.019768669,-0.283663836,-0.337086267,0.365779419,0.29997598,-0.39992195,-0.485819294,-0.323508442,-0.304980248,-0.383497147,-0.41096787,-0.441048359,-0.464742934,-0.075985181,-0.143253889,-0.288744334,-0.409847649,0.048858867,0.236659662,-0.457250612,-0.564964076
15,laying,0.289475653,-0.972255552,-0.171993055,-0.961509743,0.076751544,-0.981739387,-0.016830089,-0.957167681,-0.102266714,-0.973923951,-0.955340662,-0.943314108,-0.955340662,-0.943314108,-0.979890228,-0.973644463,-0.944605127,-0.924043008,-0.983235025,-0.973650042,-0.974016177,-0.971718825,-0.981329999,-0.983949291,-0.955413596,-0.958224495,-0.956001034,-0.94550856,-0.973681223,-0.972530078,-0.946812642,-0.923682245,-0.975727854,-0.972645711
15,sitting,0.27290338,-0.987084356,0.890364262,-0.982620884,0.078479279,-0.988162334,-0.037711113,-0.988204115,-0.095364907,-0.992889043,-0.958669836,-0.937977906,-0.958669836,-0.937977906,-0.986107839,-0.984639018,-0.957331628,-0.963475075,-0.992188894,-0.989720049,-0.986619609,-0.987384779,-0.988106102,-0.98931436,-0.98615258,-0.988881931,-0.949752001,-0.941195938,-0.984689437,-0.983276252,-0.97376218,-0.963378228,-0.990180959,-0.989503942
15,standing,0.278915804,-0.988949247,0.9655289,-0.988432085,0.07522807,-0.985459068,-0.026243356,-0.947790802,-0.101358786,-0.971514312,-0.961207616,-0.948600433,-0.961207616,-0.948600433,-0.981495126,-0.979994801,-0.946961381,-0.931286779,-0.984407078,-0.981432828,-0.986724999,-0.990060963,-0.985353493,-0.986934134,-0.950380286,-0.948275234,-0.960337344,-0.950204046,-0.979078786,-0.980184087,-0.9567339,-0.928838304,-0.983188092,-0.980329709
15,walking,0.273899208,-0.327961801,0.951524391,-0.978397288,0.089777072,-0.373217585,-0.055488385,-0.32962462,-0.077669275,-0.283767987,-0.186514651,-0.323878324,-0.186514651,-0.323878324,-0.320129323,-0.310071425,-0.243711124,-0.425798469,-0.543979501,-0.637785955,-0.31744092,-0.332520627,-0.390821985,-0.411500068,-0.25339936,-0.357633379,-0.275156242,-0.458344792,-0.289753952,-0.342411928,-0.489166384,-0.481750219,-0.645075178,-0.654010147
15,walking downstairs,0.280198851,0.406471051,0.9323022,-0.942806478,0.071145716,0.134593836,-0.136618653,-0.318692526,-0.048253208,-0.455980756,0.320449387,0.353204008,0.320449387,0.353204008,-0.037266607,0.159631711,-0.121686321,-0.284249712,-0.509466648,-0.563640131,0.235309826,0.466325681,0.061968749,0.108062741,-0.227359565,-0.35163,0.331150229,0.153124178,0.158413335,0.150507751,-0.373898631,-0.349387206,-0.565396131,-0.593472444
15,walking upstairs,0.270187596,-0.026097184,0.918544812,-0.952562396,0.072972433,-0.186944665,0.090334003,-0.415251318,-0.144485987,-0.52553395,-0.000971395,-0.136552217,-0.000971395,-0.136552217,-0.316050382,-0.313363553,-0.201217274,-0.288429009,-0.663637118,-0.748954849,-0.074632843,-0.008382438,-0.237053073,-0.207231605,-0.361096857,-0.437225328,-0.165242148,-0.255659341,-0.26195668,-0.391313399,-0.453693566,-0.30858587,-0.731422358,-0.793104483
16,laying,0.274227163,-0.973691429,-0.206783742,-0.963761978,0.078396027,-0.988416724,-0.016154541,-0.97701077,-0.102209572,-0.985835459,-0.961834635,-0.957895928,-0.961834635,-0.957895928,-0.988349657,-0.987891004,-0.9517771,-0.959020036,-0.990839526,-0.988212425,-0.980213187,-0.971409075,-0.988580046,-0.989287359,-0.975892407,-0.977509584,-0.968020521,-0.958111896,-0.987514525,-0.98724716,-0.970249639,-0.958975084,-0.988695278,-0.988058401
16,sitting,0.280768574,-0.986825605,0.942457378,-0.980158243,0.073434672,-0.990861135,-0.041201404,-0.981037373,-0.095720452,-0.989583279,-0.961879681,-0.941051236,-0.961879681,-0.941051236,-0.987472699,-0.983615334,-0.946417382,-0.937942405,-0.992444606,-0.988261253,-0.987043829,-0.986892418,-0.990964251,-0.991567868,-0.978632857,-0.982057861,-0.958335481,-0.94258825,-0.983968636,-0.982190555,-0.954060994,-0.938863215,-0.989363136,-0.987506349
16,standing,0.283497403,-0.989076812,0.941587749,-0.98535969,0.073643891,-0.991026497,-0.029933729,-0.973400108,-0.100107333,-0.987102323,-0.969948825,-0.957294494,-0.969948825,-0.957294494,-0.989205232,-0.986761551,-0.972528178,-0.964105768,-0.992848576,-0.990809427,-0.989427671,-0.989100621,-0.991038639,-0.99184715,-0.973157352,-0.973926885,-0.971082558,-0.957173572,-0.986502688,-0.985912717,-0.975448632,-0.963574736,-0.99117243,-0.990672801
16,walking,0.276023565,-0.404692524,0.925981326,-0.982469595,0.077022377,-0.396223738,-0.015172191,-0.654171847,-0.110917348,-0.675889723,-0.258766694,-0.471809267,-0.258766694,-0.471809267,-0.363144484,-0.403386564,-0.485931933,-0.665078404,-0.671541834,-0.722808438,-0.394790434,-0.409070488,-0.441406183,-0.402884115,-0.595746486,-0.673741137,-0.410463242,-0.592150985,-0.378278491,-0.441447755,-0.669228541,-0.721137002,-0.72068229,-0.745726854
16,walking downstairs,0.295586802,0.207251998,0.917818427,-0.957785118,0.090785706,-0.101186927,-0.022537337,-0.454188471,-0.103904045,-0.623676024,0.191079794,0.119183741,0.191079794,0.119183741,-0.165908811,-0.078349888,-0.309820427,-0.422315317,-0.590896636,-0.595822214,0.036826353,0.266115492,-0.155444883,-0.125682818,-0.420844009,-0.470373499,0.114032089,-0.053413718,-0.074565908,-0.091962337,-0.48825394,-0.479939846,-0.58966315,-0.633479805
16,walking upstairs,0.255986103,-0.397083832,0.826874283,-0.948413553,0.076252668,-0.52108914,0.071840888,-0.508087167,-0.140908294,-0.707264169,-0.233990332,-0.33479508,-0.233990332,-0.33479508,-0.48321905,-0.49306713,-0.308260568,-0.518189646,-0.737705162,-0.797293228,-0.474984015,-0.369636141,-0.546088863,-0.53807309,-0.532399716,-0.509896031,-0.370649738,-0.418924256,-0.475597718,-0.51993124,-0.630546675,-0.532486722,-0.787833632,-0.825314327
17,laying,0.269780086,-0.972960567,-0.19913309,-0.961063222,0.077908975,-0.981489017,-0.023475647,-0.975893062,-0.102049764,-0.980792372,-0.953021411,-0.948257994,-0.953021411,-0.948257994,-0.981607628,-0.980126745,-0.960733122,-0.959325499,-0.985542411,-0.982038121,-0.97435928,-0.972438525,-0.981472069,-0.983213244,-0.971949211,-0.977203498,-0.961046326,-0.949042532,-0.979687319,-0.979657231,-0.969014445,-0.960023839,-0.982765526,-0.981983438
17,sitting,0.27735702,-0.994443905,0.944883748,-0.990196617,0.075070986,-0.994340603,-0.042549159,-0.989638326,-0.094247697,-0.995255937,-0.972747346,-0.965065191,-0.972747346,-0.965065191,-0.992814715,-0.991446499,-0.967177744,-0.975410255,-0.996334795,-0.994446756,-0.993969382,-0.994657314,-0.994542621,-0.994613162,-0.988411068,-0.99004126,-0.973626755,-0.96539968,-0.99142725,-0.990319626,-0.983369292,-0.974710853,-0.995204564,-0.993624524
17,standing,0.277942503,-0.99116392,0.904678547,-0.985751366,0.074086496,-0.992094006,-0.026957694,-0.981373083,-0.101289169,-0.989257196,-0.977635981,-0.97537731,-0.977635981,-0.97537731,-0.991742754,-0.990363248,-0.978184577,-0.977680837,-0.993672974,-0.992372117,-0.990927534,-0.991318528,-0.992129226,-0.992775378,-0.980696264,-0.981791318,-0.980967748,-0.975504841,-0.990162799,-0.989472087,-0.984291132,-0.977263419,-0.992723939,-0.992177304
17,walking,0.272341855,-0.319500173,0.928112369,-0.980983352,0.077318858,-0.355492635,-0.009222655,-0.479813513,-0.109959238,-0.431296148,-0.151151488,-0.461837867,-0.151151488,-0.461837867,-0.301093269,-0.275672786,-0.335009837,-0.522494764,-0.517167441,-0.539708491,-0.360991675,-0.304806274,-0.423446095,-0.343866129,-0.407716709,-0.504849291,-0.429380043,-0.565162508,-0.335938892,-0.21123186,-0.518618059,-0.615320078,-0.58271186,-0.520385479
17,walking downstairs,0.293918283,0.18771976,0.928817578,-0.950026242,0.118250858,-0.103436471,0.067772839,-0.370436869,-0.107770029,-0.526801825,0.148951104,0.091407676,0.148951104,0.091407676,-0.221631694,-0.206576684,-0.232641763,-0.352687281,-0.540325788,-0.592319491,-0.022623917,0.258941676,-0.215092049,-0.071876703,-0.316412963,-0.393194732,0.058068052,-0.061887677,-0.1886804,-0.236538516,-0.409438758,-0.428868688,-0.57734888,-0.643399204
17,walking upstairs,0.252604769,-0.062952754,0.853530566,-0.949460372,0.076804417,-0.292665827,-0.030425057,-0.496562733,-0.142655398,-0.606044344,-0.012806228,-0.10287773,-0.012806228,-0.10287773,-0.357233898,-0.39091245,-0.235191249,-0.44083726,-0.637367491,-0.682311629,-0.139752221,-0.035538117,-0.360272226,-0.287219038,-0.416223018,-0.524468392,-0.150305643,-0.217393171,-0.360299853,-0.437383108,-0.504066957,-0.49644458,-0.669008764,-0.724155743
18,laying,0.274691577,-0.984527649,-0.220600509,-0.982715988,0.074998501,-0.985921071,-0.025176181,-0.992872598,-0.099715424,-0.996104441,-0.986456242,-0.986464543,-0.986456242,-0.986464543,-0.98832154,-0.989526278,-0.980740847,-0.980560878,-0.993095123,-0.992153054,-0.985179972,-0.984321858,-0.986404709,-0.986641246,-0.992436928,-0.993019372,-0.986788412,-0.987648484,-0.988548418,-0.989710657,-0.984329092,-0.981468842,-0.991901008,-0.992737962
18,sitting,0.277270019,-0.994347989,0.909816469,-0.994043771,0.076622889,-0.991624662,-0.033305703,-0.991956959,-0.095472323,-0.994170191,-0.983674152,-0.981595286,-0.983674152,-0.981595286,-0.989869575,-0.991159351,-0.977634992,-0.981372676,-0.99487344,-0.994868914,-0.99314492,-0.994906566,-0.99192471,-0.992039061,-0.9899615,-0.992575399,-0.984781467,-0.982226152,-0.990407076,-0.991044298,-0.986535242,-0.981252633,-0.994808188,-0.994967622
18,standing,0.278458806,-0.992019763,0.94757324,-0.994270075,0.075353948,-0.989436674,-0.026587325,-0.96225425,-0.098717402,-0.981970966,-0.972607495,-0.972285545,-0.972607495,-0.972285545,-0.985965294,-0.986015286,-0.963006793,-0.959797118,-0.988685955,-0.988519666,-0.990409919,-0.992789068,-0.989544971,-0.990287933,-0.964428926,-0.962272712,-0.976797646,-0.973264854,-0.984987073,-0.986277357,-0.972352593,-0.959113457,-0.988960669,-0.988407465
18,walking,0.273887759,-0.376005521,0.923865249,-0.983010883,0.076752428,-0.368056914,-0.039939972,-0.704439778,-0.09664353,-0.578133968,-0.287908078,-0.460346465,-0.287908078,-0.460346465,-0.379269262,-0.425418661,-0.500471148,-0.608510091,-0.636485897,-0.726591779,-0.371475156,-0.378068199,-0.414797154,-0.375992795,-0.609673434,-0.73490139,-0.424386734,-0.565563057,-0.414037751,-0.444453486,-0.620331394,-0.668908147,-0.710596311,-0.769408386
18,walking downstairs,0.288439469,-0.302634565,0.932277478,-0.960404875,0.080904405,-0.387223932,-0.057654866,-0.502473034,-0.083656657,-0.676716182,-0.293531974,-0.229934247,-0.293531974,-0.229934247,-0.466516044,-0.382517333,-0.381022815,-0.507995478,-0.701663074,-0.744159519,-0.350086793,-0.285535872,-0.412728287,-0.416050501,-0.489232275,-0.51394709,-0.241973535,-0.344299434,-0.383398713,-0.386565072,-0.604735414,-0.533844932,-0.744236045,-0.763430802
18,walking upstairs,0.265401202,-0.380168287,0.883330258,-0.961738807,0.081240203,-0.563202135,-0.047068392,-0.593841504,-0.089995304,-0.760689029,-0.279146313,-0.37184157,-0.279146313,-0.37184157,-0.601463948,-0.57933032,-0.3691086,-0.528058134,-0.781652689,-0.835525128,-0.465097262,-0.350639841,-0.58941059,-0.575331252,-0.59232371,-0.600711296,-0.436561064,-0.436218933,-0.574481397,-0.587926077,-0.654029089,-0.533044636,-0.826193161,-0.860910992
19,laying,0.272653733,-0.96501958,-0.680043155,-0.958959611,0.0772318,-0.983605223,-0.031207273,-0.981357611,-0.095601827,-0.976105663,-0.966260807,-0.963193489,-0.966260807,-0.963193489,-0.98478434,-0.980668288,-0.953263433,-0.955906647,-0.985342498,-0.980245511,-0.97453373,-0.962085001,-0.983478562,-0.985278007,-0.974196218,-0.983944795,-0.971957401,-0.964056774,-0.980621564,-0.979452188,-0.965624724,-0.957496024,-0.98189047,-0.979327847
19,sitting,0.273830316,-0.976357663,0.581371509,-0.96935501,0.075374713,-0.987043285,-0.021415128,-0.984625307,-0.100986131,-0.988464753,-0.962074066,-0.951755657,-0.962074066,-0.951755657,-0.986423976,-0.984205185,-0.942229044,-0.950491808,-0.989450317,-0.985831285,-0.979238032,-0.975204245,-0.98677559,-0.988576991,-0.981743665,-0.985576048,-0.962632578,-0.952802278,-0.983751647,-0.983687273,-0.964238768,-0.950484417,-0.986727418,-0.985416445
19,standing,0.27817226,-0.989910997,0.944045838,-0.992411542,0.075412037,-0.984792035,-0.025090574,-0.946109712,-0.099046789,-0.975126687,-0.960505684,-0.962549342,-0.960505684,-0.962549342,-0.983068924,-0.979640838,-0.941745041,-0.937951032,-0.985801638,-0.983069428,-0.987352048,-0.991161671,-0.985039596,-0.985913722,-0.947865639,-0.946607046,-0.968910789,-0.964259111,-0.979135413,-0.979179149,-0.95857813,-0.936723548,-0.98453661,-0.982228582
19,walking,0.273931172,-0.048904941,0.935222559,-0.969861463,0.082224628,0.110306729,-0.027497098,-0.026435796,-0.083235326,0.080118652,0.064817344,-0.099392717,0.064817344,-0.099392717,0.10945099,0.035655879,0.100045071,-0.021846317,-0.164699978,-0.27148748,-0.029981567,-0.057882079,0.0336381,0.090836649,0.228142362,-0.10838881,0.03222723,-0.324793406,0.073017993,-0.022286959,-0.095246045,-0.141598402,-0.262442823,-0.336148733
19,walking downstairs,0.262688054,0.626917071,0.881940855,-0.899726139,0.073093031,0.544273037,-0.205775427,0.267657219,-0.033742958,0.17914865,0.644604325,0.413472377,0.644604325,0.413472377,0.434490401,0.450612066,0.418004609,0.237821232,0.087581662,-0.043898502,0.537012022,0.658506543,0.474317256,0.476803887,0.474962448,0.196613287,0.586637551,0.082863062,0.538404846,0.316346415,0.203979765,0.032036667,-0.02290453,-0.143254548
19,walking upstairs,0.242118809,-0.128742095,0.829428373,-0.916495992,0.083154508,-0.174279056,0.038853709,-0.406800033,-0.101806304,-0.239376411,0.017381193,-0.177666828,0.017381193,-0.177666828,-0.114189606,-0.284060693,-0.061615771,-0.264401443,-0.372790527,-0.50740029,-0.156879495,-0.119934775,-0.205322646,-0.217265178,-0.19448551,-0.477514747,-0.079628763,-0.368253499,-0.187391317,-0.43467125,-0.288840268,-0.377132753,-0.477183915,-0.588289661
20,laying,0.239507882,-0.962249115,-0.472431416,-0.928674215,0.089271601,-0.984270728,-0.023176062,-0.984477414,-0.099503307,-0.989283577,-0.960743126,-0.939489445,-0.960743126,-0.939489445,-0.984670074,-0.980161687,-0.960447373,-0.962153598,-0.986749501,-0.981079302,-0.965728782,-0.960997907,-0.983889985,-0.986213883,-0.982619404,-0.985154589,-0.952827071,-0.941894086,-0.979695458,-0.979565197,-0.969832241,-0.964205915,-0.981119821,-0.981986153
20,sitting,0.278045439,-0.983081859,0.924454522,-0.985829034,0.074656839,-0.982078229,-0.036405929,-0.976309017,-0.095997082,-0.977414911,-0.952738043,-0.937764028,-0.952738043,-0.937764028,-0.978774578,-0.972537872,-0.939574436,-0.94106991,-0.983010276,-0.97507615,-0.981203064,-0.983978375,-0.982243603,-0.983565761,-0.969913284,-0.978433538,-0.946913452,-0.942151232,-0.971730463,-0.972597744,-0.953399068,-0.943725756,-0.976108354,-0.975226588
20,standing,0.278076905,-0.967209961,0.911231752,-0.981916942,0.076355616,-0.959528332,-0.024133505,-0.886749173,-0.102049133,-0.92164424,-0.922406857,-0.910672095,-0.922406857,-0.910672095,-0.956624899,-0.938454372,-0.883675029,-0.84368341,-0.947936501,-0.926328788,-0.961932729,-0.969806179,-0.959710489,-0.963098912,-0.881019425,-0.890525705,-0.921225595,-0.91865188,-0.940007897,-0.936025033,-0.879437675,-0.849127347,-0.929600007,-0.92722572
20,walking,0.272589336,-0.208342792,0.899965206,-0.970327266,0.084123432,-0.090645042,-0.023410423,-0.232940614,-0.067999237,-0.253227445,0.039402281,-0.156930392,0.039402281,-0.156930392,-0.04293593,0.021076572,0.068627515,-0.036785319,-0.194893253,-0.149864147,-0.147404272,-0.234985644,-0.138717234,-0.122237206,-0.093624869,-0.279931528,-0.003533418,-0.389934004,0.054526949,-0.031065027,-0.05200656,-0.196210236,-0.180365335,-0.171975765
20,walking downstairs,0.296144421,0.074509879,0.91972663,-0.940458075,0.069503106,-0.135699627,-0.111367748,-0.204939568,-0.045250307,-0.249235099,0.221851588,0.172636361,0.221851588,0.172636361,-0.061269984,0.046718584,0.093841944,-0.030576244,-0.268183424,-0.27559188,-0.034330999,0.113033424,-0.199360431,-0.147278593,-0.06295726,-0.253365631,0.151887747,0.000242175,0.013791715,0.07903798,-0.100566104,-0.151681987,-0.311668473,-0.281657286
20,walking upstairs,0.252098317,-0.116088676,0.777095717,-0.931405014,0.083645126,-0.185695388,0.065919326,-0.492701194,-0.148389169,-0.471107678,0.008725025,-0.198269719,0.008725025,-0.198269719,-0.255611242,-0.23944437,0.022330254,-0.253929986,-0.371928416,-0.455396069,-0.140439075,-0.10844476,-0.256162265,-0.187090779,-0.372684354,-0.532021734,-0.205009295,-0.320241012,-0.215014032,-0.280450027,-0.286627717,-0.360948342,-0.450393446,-0.502821544
21,laying,0.271325472,-0.955019866,-0.174349175,-0.945905271,0.08201502,-0.984826521,-0.030512619,-0.975411858,-0.096411838,-0.984643717,-0.952596583,-0.942186431,-0.952596583,-0.942186431,-0.982800331,-0.978552619,-0.94927889,-0.949289148,-0.985915907,-0.982246472,-0.968234376,-0.950929451,-0.984188841,-0.987061377,-0.973410473,-0.97622692,-0.953769071,-0.944449071,-0.978444124,-0.977604879,-0.962349013,-0.949736575,-0.982993315,-0.982305117
21,sitting,0.277539617,-0.991777287,0.940031368,-0.992936404,0.075710979,-0.989439392,-0.019871282,-0.988410501,-0.101114775,-0.989472968,-0.974734999,-0.971994251,-0.974734999,-0.971994251,-0.985947225,-0.986520865,-0.964971114,-0.971225062,-0.99030735,-0.990302233,-0.990610228,-0.992375229,-0.989759187,-0.990027822,-0.98489356,-0.98955931,-0.974829227,-0.974447593,-0.985342359,-0.98699155,-0.977839702,-0.972027251,-0.990014273,-0.991062205
21,standing,0.276952243,-0.981419961,0.881213342,-0.982906669,0.075454386,-0.97706335,-0.01917319,-0.962514526,-0.103199796,-0.971866495,-0.958774298,-0.956919898,-0.958774298,-0.956919898,-0.974765162,-0.971606515,-0.949837152,-0.945614402,-0.976857084,-0.976153688,-0.978327686,-0.982892837,-0.976803011,-0.979530485,-0.956989964,-0.964530316,-0.962291334,-0.960041844,-0.970634296,-0.971926117,-0.956723022,-0.947763173,-0.976126761,-0.97770662
21,walking,0.279183527,-0.297814844,0.862524801,-0.969576355,0.078225182,-0.114888874,-0.045932339,-0.432232884,-0.086876771,-0.238908311,-0.123455662,-0.299709752,-0.123455662,-0.299709752,-0.148138992,-0.083848797,-0.284775645,-0.408304434,-0.426930725,-0.450369989,-0.273496159,-0.308547185,-0.200442011,-0.107412803,-0.246657383,-0.491859244,-0.251266389,-0.438149791,-0.14400989,-0.018673441,-0.409516081,-0.512249343,-0.499597203,-0.429323466
21,walking downstairs,0.30146102,0.224343492,0.872683206,-0.940194828,0.090145288,0.002146557,-0.126388024,-0.442148618,-0.072646185,-0.54964832,0.245771699,0.264341904,0.245771699,0.264341904,-0.08022418,0.09523394,-0.18485002,-0.388420329,-0.452828682,-0.509130858,0.10432353,0.266987751,-0.037789471,-0.04638679,-0.366748753,-0.469790144,0.239895894,0.079127139,0.11244262,0.063205315,-0.406392284,-0.484489974,-0.490804948,-0.571666834
21,walking upstairs,0.265194545,-0.240808282,0.781177211,-0.940911636,0.104034223,-0.424052015,0.062608689,-0.531909419,-0.144351493,-0.573541839,-0.081045319,-0.278474284,-0.081045319,-0.278474284,-0.355047694,-0.404183876,-0.168982721,-0.420236003,-0.577935643,-0.647723419,-0.31916934,-0.213184048,-0.43683958,-0.462972849,-0.446974007,-0.560968049,-0.257894449,-0.403357612,-0.355443707,-0.47772185,-0.475369887,-0.483407096,-0.628915749,-0.70098041
22,laying,0.279959721,-0.947735252,-0.418494577,-0.928781249,0.075220224,-0.970355192,-0.020831137,-0.956641906,-0.100203935,-0.972092603,-0.934993799,-0.909407761,-0.934993799,-0.909407761,-0.971169779,-0.959849822,-0.926616373,-0.923911566,-0.981716936,-0.974201691,-0.953758543,-0.945656808,-0.969570327,-0.974126068,-0.95336692,-0.958030987,-0.929818991,-0.913267251,-0.962654792,-0.955635614,-0.946055841,-0.923552358,-0.976638981,-0.972789021
22,sitting,0.273583823,-0.978466824,0.839305929,-0.972009989,0.080768731,-0.981664149,-0.036043068,-0.981099172,-0.098649316,-0.98567125,-0.942167354,-0.924336184,-0.942167354,-0.924336184,-0.979303714,-0.968576777,-0.942077433,-0.933268487,-0.985476035,-0.976503766,-0.978505368,-0.97862319,-0.980944506,-0.984299609,-0.977266731,-0.982373346,-0.943078237,-0.92679803,-0.968908297,-0.967026276,-0.951952767,-0.93356301,-0.977775448,-0.976318115
22,standing,0.279053862,-0.985000527,0.954064298,-0.992827298,0.075232289,-0.975639081,-0.027520176,-0.917837043,-0.097501347,-0.949716029,-0.954807661,-0.939866315,-0.954807661,-0.939866315,-0.975876007,-0.958825095,-0.931624304,-0.900776556,-0.978603529,-0.966086148,-0.980373909,-0.987400306,-0.974969215,-0.978773001,-0.917018099,-0.919851782,-0.949044483,-0.943739135,-0.959743878,-0.95665396,-0.932065271,-0.900222411,-0.968377798,-0.965344727
22,walking,0.27886459,-0.008659219,0.93609641,-0.969643448,0.062777763,0.035878709,0.000777157,-0.318537866,-0.132977562,-0.226656402,0.072241912,-0.161591787,0.072241912,-0.161591787,0.022919967,0.111532925,-0.210608044,-0.390775684,-0.461999529,-0.503106312,-0.099492859,0.024395819,-0.036704708,0.018004779,-0.144648652,-0.374496319,-0.024158496,-0.381399308,0.065972729,0.158286745,-0.438378723,-0.464019127,-0.553946122,-0.47640527
22,walking downstairs,0.284458964,0.348618168,0.921820642,-0.941242335,0.101584641,0.086913985,-0.077961121,-0.237349191,-0.090174453,-0.264848048,0.330999222,0.133267479,0.330999222,0.133267479,-0.017978463,-0.033764098,-0.16133331,-0.263921984,-0.459579671,-0.617659356,0.195348406,0.40289196,0.03833642,0.040461846,-0.095434934,-0.284532358,0.155526859,-0.057520261,0.022478354,-0.118530349,-0.338417326,-0.341863672,-0.583510518,-0.697451439
22,walking upstairs,0.248391535,0.083573864,0.889454383,-0.94063384,0.087717224,-0.008539927,0.134978808,-0.30149171,-0.148450081,-0.396699215,0.210282608,-0.158757475,0.210282608,-0.158757475,-0.095784034,-0.087650161,-0.128031924,-0.202558177,-0.568111869,-0.675633024,-0.055399649,0.132048813,-0.038244979,-0.067797852,-0.195456993,-0.338139777,-0.086690512,-0.334126221,-0.045802036,-0.151299836,-0.369902,-0.234023032,-0.667996003,-0.709870535
23,laying,0.274038008,-0.956756363,-0.391564963,-0.947948758,0.083178761,-0.986360447,-0.011339972,-0.981849401,-0.102024923,-0.98502785,-0.962959197,-0.957871991,-0.962959197,-0.957871991,-0.987010197,-0.986685652,-0.949418001,-0.957227586,-0.984557479,-0.981314832,-0.970037238,-0.952410958,-0.986204659,-0.987840853,-0.979676078,-0.982665213,-0.967747053,-0.958465695,-0.985905704,-0.986540201,-0.966239348,-0.959025538,-0.981846854,-0.981585141
23,sitting,0.273351252,-0.987607637,0.936509243,-0.984536722,0.077002235,-0.984561804,-0.047258346,-0.980363734,-0.096742219,-0.987084634,-0.944080773,-0.924963263,-0.944080773,-0.924963263,-0.982375503,-0.973668776,-0.936593427,-0.937006097,-0.986514066,-0.979226998,-0.986325671,-0.988345258,-0.984550864,-0.98601963,-0.977149987,-0.981523241,-0.94583783,-0.927090118,-0.974121467,-0.972117017,-0.952293277,-0.938680777,-0.980707211,-0.978499038
23,standing,0.277899323,-0.98542152,0.919857126,-0.984610385,0.075020648,-0.983141959,-0.032739775,-0.94201124,-0.098148105,-0.972770702,-0.957212267,-0.951669858,-0.957212267,-0.951669858,-0.978671485,-0.974811528,-0.938430293,-0.923796566,-0.976399253,-0.972387365,-0.983627197,-0.986333386,-0.983283252,-0.984531642,-0.947510436,-0.941698516,-0.957986177,-0.955291356,-0.973798156,-0.975053688,-0.94458383,-0.924805421,-0.972598811,-0.973849691
23,walking,0.273211884,-0.313521773,0.939809689,-0.977230904,0.098731909,-0.229328122,-0.063115687,-0.494322649,-0.057812824,-0.363969435,-0.09887702,-0.209989355,-0.09887702,-0.209989355,-0.067081966,-0.026819436,-0.012096826,0.163346452,0.011530541,0.250173204,-0.275404188,-0.32980728,-0.290410455,-0.23517299,-0.337619203,-0.545051692,-0.094260631,-0.407577516,-0.01807057,-0.045737233,0.185078207,-0.061476585,0.146618569,0.287834616
23,walking downstairs,0.289897411,0.044139284,0.923711401,-0.950790837,0.057801061,0.198947062,-0.057823019,-0.416133033,-0.117725824,-0.3230157,0.127211138,0.230363964,0.127211138,0.230363964,0.112982476,0.2920872,0.039091548,0.05399729,-0.046311777,0.059490848,0.205428216,-0.028296248,0.201542909,0.081958719,-0.214730713,-0.482598325,0.364829993,-0.045393035,0.335009724,0.224480504,0.150825735,-0.218930426,0.074675464,-0.039857378
23,walking upstairs,0.249995171,-0.243887819,0.84343881,-0.933344482,0.072364998,-0.365398623,0.095794025,-0.550664577,-0.109913094,-0.548318882,-0.011753687,-0.271893714,-0.011753687,-0.271893714,-0.311143885,-0.362708849,-0.156527149,-0.366732989,-0.504367151,-0.551275189,-0.27260569,-0.234309548,-0.365642513,-0.424877553,-0.430239229,-0.590430784,-0.231382662,-0.410047643,-0.302968065,-0.454324845,-0.380388292,-0.470491576,-0.51871565,-0.632659462
24,laying,0.272850495,-0.967984021,-0.359292534,-0.960412164,0.080721233,-0.986365434,-0.014367993,-0.98265172,-0.10281381,-0.979865721,-0.971854043,-0.969354834,-0.971854043,-0.969354834,-0.985529271,-0.983605927,-0.953791513,-0.957829935,-0.982780874,-0.978659102,-0.975893687,-0.965167082,-0.985998547,-0.988140518,-0.976570564,-0.984713284,-0.973171068,-0.971063024,-0.983108084,-0.983285116,-0.964001383,-0.961369085,-0.978596741,-0.980096981
24,sitting,0.27347569,-0.990593767,0.919637604,-0.98966015,0.076331853,-0.988564382,-0.035622962,-0.988111649,-0.095178266,-0.991442008,-0.968979156,-0.963779683,-0.968979156,-0.963779683,-0.985555822,-0.985418456,-0.964633252,-0.969257163,-0.991306425,-0.990724531,-0.989529507,-0.991100005,-0.988857403,-0.989288808,-0.985676524,-0.988891552,-0.968905031,-0.965852262,-0.984469963,-0.98561372,-0.977973721,-0.969105899,-0.990854751,-0.990933058
24,standing,0.280348884,-0.987255871,0.96644228,-0.992197592,0.074617742,-0.980573837,-0.027861151,-0.96073866,-0.099194772,-0.975856809,-0.950061018,-0.947901012,-0.950061018,-0.947901012,-0.977620954,-0.973108343,-0.954518594,-0.953104779,-0.982387269,-0.979995719,-0.984183634,-0.988851853,-0.981161641,-0.981721691,-0.958540187,-0.961885695,-0.960066088,-0.949522556,-0.972251355,-0.97319551,-0.963922314,-0.954407177,-0.981119238,-0.9797551
24,walking,0.276980816,-0.470762366,0.959701081,-0.9831324,0.073193898,-0.485863255,-0.054512687,-0.580597373,-0.062531168,-0.490773456,-0.299983614,-0.481064019,-0.299983614,-0.481064019,-0.399722201,-0.409824563,-0.403064157,-0.563863213,-0.507824746,-0.556022766,-0.492419803,-0.462733639,-0.509628169,-0.507640734,-0.468295081,-0.616915839,-0.434618912,-0.590265846,-0.418641047,-0.402979984,-0.534509164,-0.668032802,-0.571594392,-0.567447732
24,walking downstairs,0.288631209,-0.082732481,0.950883417,-0.961845327,0.080261983,-0.337218894,-0.086706901,-0.431919068,-0.091414501,-0.35844455,-0.073769916,-0.022483912,-0.073769916,-0.022483912,-0.263106945,-0.14350197,-0.304965806,-0.363694877,-0.497152238,-0.459159852,-0.222324293,-0.034908595,-0.376175795,-0.355930598,-0.272469212,-0.484894684,-0.023170163,-0.175291709,-0.200830137,-0.082755491,-0.374298687,-0.47014727,-0.474449926,-0.478030486
24,walking upstairs,0.269881107,-0.344399351,0.906369501,-0.962190567,0.08623101,-0.498764672,0.088316377,-0.577426409,-0.146800846,-0.640489538,-0.226402822,-0.30685447,-0.226402822,-0.30685447,-0.488487621,-0.44106869,-0.33443584,-0.50392906,-0.658751629,-0.638180353,-0.395790554,-0.326165553,-0.515644617,-0.527104719,-0.503188685,-0.602945481,-0.322300989,-0.406283378,-0.429800779,-0.459647798,-0.564664995,-0.54907099,-0.64611467,-0.653876951
25,laying,0.250791829,-0.909116474,-0.461102531,-0.829554948,0.087907169,-0.973323412,0.003727235,-0.88976964,-0.101646999,-0.957381145,-0.560477776,-0.649254768,-0.560477776,-0.649254768,-0.962161356,-0.961931605,-0.809688545,-0.85601737,-0.969783262,-0.968309523,-0.929147371,-0.902547712,-0.972859086,-0.976423985,-0.890517539,-0.891308069,-0.774481944,-0.651353242,-0.960083147,-0.963601213,-0.910126994,-0.850661341,-0.968251609,-0.970457948
25,sitting,0.278541482,-0.991892829,0.865686078,-0.988879981,0.075208701,-0.992278622,-0.035205209,-0.989907584,-0.095480138,-0.992304654,-0.970409337,-0.960003414,-0.970409337,-0.960003414,-0.989545142,-0.988311805,-0.966568719,-0.970639126,-0.99286465,-0.991766403,-0.991405498,-0.992124279,-0.992478846,-0.99275011,-0.988002552,-0.990550003,-0.967017993,-0.961997268,-0.987941826,-0.987618801,-0.979350914,-0.970321897,-0.991781702,-0.99201956
25,standing,0.278013702,-0.991970127,0.929794733,-0.993148268,0.07523373,-0.988312658,-0.024794675,-0.971357421,-0.100473698,-0.977909694,-0.972663592,-0.968075629,-0.972663592,-0.968075629,-0.984647071,-0.982637081,-0.967077443,-0.959884274,-0.985091991,-0.98323081,-0.990093203,-0.992851743,-0.988404655,-0.989339891,-0.968078525,-0.97266417,-0.972355393,-0.97020366,-0.982294171,-0.982083315,-0.9689725,-0.961090397,-0.98401783,-0.983098936
25,walking,0.278992759,-0.596007444,0.937483114,-0.979499263,0.072172071,-0.607620932,-0.015630538,-0.401158754,-0.102377269,-0.507957094,-0.40528943,-0.565601466,-0.40528943,-0.565601466,-0.538291425,-0.542870063,-0.394362401,-0.489809386,-0.678466069,-0.757032545,-0.609038909,-0.591449956,-0.625595377,-0.624145725,-0.41190972,-0.406678108,-0.566060023,-0.632927476,-0.564591342,-0.51900425,-0.562733253,-0.529262243,-0.770300896,-0.75738578
25,walking downstairs,0.291329666,-0.253756934,0.929627532,-0.964470067,0.110656929,-0.501968388,0.002991129,-0.288824755,-0.127952445,-0.430134388,-0.220108595,-0.25946525,-0.220108595,-0.25946525,-0.500483331,-0.48297693,-0.216082566,-0.382160921,-0.664713625,-0.679605951,-0.372245193,-0.213028874,-0.525789451,-0.522153341,-0.217799724,-0.316252108,-0.288154788,-0.35943708,-0.471642112,-0.502224768,-0.485763582,-0.42370733,-0.687034281,-0.693032409
25,walking upstairs,0.277995411,-0.459775646,0.92769324,-0.95087845,0.074004144,-0.663642746,0.055612192,-0.489011795,-0.126481161,-0.693854902,-0.305772199,-0.48000665,-0.305772199,-0.48000665,-0.679160844,-0.67451306,-0.3186347,-0.387754116,-0.777106027,-0.824883303,-0.521649839,-0.437975787,-0.668208156,-0.690213626,-0.476144999,-0.500119831,-0.527907562,-0.536120293,-0.654795111,-0.703433693,-0.56715347,-0.386612993,-0.822403906,-0.841061012
26,laying,0.271645865,-0.969445445,-0.621309715,-0.944472489,0.086650253,-0.989315825,-0.017065624,-0.990328198,-0.100368641,-0.992665155,-0.976785042,-0.96435519,-0.976785042,-0.96435519,-0.989970604,-0.989101949,-0.951863595,-0.965676822,-0.99219798,-0.989917354,-0.973262289,-0.967971891,-0.989224044,-0.990410107,-0.988386325,-0.99097012,-0.969269114,-0.966576632,-0.989138184,-0.987901463,-0.97430518,-0.966139219,-0.990430914,-0.989628012
26,sitting,0.25824353,-0.979768988,0.782955612,-0.965082926,0.076444323,-0.992258395,-0.037021745,-0.991027701,-0.095984817,-0.995882512,-0.953079994,-0.933602783,-0.953079994,-0.933602783,-0.990898436,-0.989986112,-0.954052946,-0.964742022,-0.994466446,-0.994033207,-0.982579546,-0.978755177,-0.992025427,-0.993299861,-0.990144882,-0.991318436,-0.952411044,-0.934587699,-0.989481943,-0.989521273,-0.97646387,-0.963650652,-0.993985448,-0.99420977
26,standing,0.281127035,-0.993069369,0.965460892,-0.992678782,0.075357821,-0.990498355,-0.024534584,-0.973785111,-0.100355997,-0.978472409,-0.968511694,-0.962697299,-0.968511694,-0.962697299,-0.986985214,-0.982626253,-0.968673956,-0.962653586,-0.988544825,-0.984253792,-0.991993372,-0.993702408,-0.990586982,-0.991275662,-0.969364269,-0.975321646,-0.97060525,-0.963909299,-0.982876889,-0.981129313,-0.972333109,-0.962967606,-0.985762256,-0.983313996
26,walking,0.279264444,-0.340185528,0.960647755,-0.980055651,0.065230374,-0.328452881,-0.003340859,-0.492885711,-0.099411456,-0.417438636,-0.223399172,-0.421848314,-0.223399172,-0.421848314,-0.290758025,-0.279350754,-0.392092024,-0.538329286,-0.512398826,-0.603468672,-0.32195955,-0.347997926,-0.364226764,-0.351065958,-0.368112906,-0.532999609,-0.379836743,-0.537183967,-0.293358341,-0.268948465,-0.551927613,-0.609466217,-0.619461036,-0.612930343
26,walking downstairs,0.279284583,0.17395385,0.946797272,-0.962721992,0.111470788,-0.128111641,-0.010752208,-0.331312914,-0.099246528,-0.170842677,0.114379384,0.147001679,0.114379384,0.147001679,-0.148856266,-0.111303956,-0.235314623,-0.296158292,-0.41877981,-0.463140795,0.022800096,0.226783844,-0.201368098,-0.130825898,-0.125918155,-0.398199864,0.075101685,0.005749437,-0.153172029,-0.067941076,-0.334509947,-0.392990653,-0.472200753,-0.489497379
26,walking upstairs,0.272691395,-0.169006952,0.942095257,-0.962011392,0.075564532,-0.290879966,-0.024795083,-0.550274396,-0.09755902,-0.515829417,-0.142874499,-0.150707107,-0.142874499,-0.150707107,-0.404463896,-0.334531345,-0.344427048,-0.51403241,-0.64809985,-0.661829657,-0.242820756,-0.142843838,-0.304540556,-0.342075432,-0.427686571,-0.590812298,-0.167566383,-0.274226227,-0.294970471,-0.393715352,-0.556084778,-0.569632,-0.673580663,-0.669846295
27,laying,0.274102492,-0.978455153,-0.530434605,-0.971183863,0.076626855,-0.986471899,-0.019542733,-0.988837212,-0.101147695,-0.993503721,-0.982091652,-0.978920176,-0.982091652,-0.978920176,-0.988372774,-0.988586771,-0.966917594,-0.971915733,-0.994355044,-0.993484313,-0.980631847,-0.977615703,-0.986679573,-0.987477465,-0.987028539,-0.989382329,-0.981389018,-0.980296339,-0.988098903,-0.98817486,-0.979890668,-0.971806237,-0.993563779,-0.993552299
27,sitting,0.273941303,-0.988580108,0.839464714,-0.982445738,0.077903896,-0.990658098,-0.037183082,-0.988492425,-0.095163581,-0.993640318,-0.979481669,-0.969526675,-0.979481669,-0.969526675,-0.989467178,-0.98920054,-0.963565474,-0.970782133,-0.994034711,-0.99211283,-0.988682108,-0.988659196,-0.990839607,-0.991292271,-0.987207905,-0.988984618,-0.974766467,-0.970885297,-0.988773269,-0.988531651,-0.979482821,-0.970528266,-0.992390264,-0.991967776
27,standing,0.279566922,-0.991951584,0.965351492,-0.994012163,0.074969981,-0.987628362,-0.026731654,-0.969902008,-0.098760508,-0.98264245,-0.972753287,-0.966360115,-0.972753287,-0.966360115,-0.98534762,-0.98415909,-0.968702957,-0.965693334,-0.989532104,-0.988819784,-0.990121812,-0.992875825,-0.987771749,-0.98860681,-0.970149629,-0.970221836,-0.973186182,-0.967529105,-0.984151646,-0.983022278,-0.975525566,-0.96540017,-0.989418483,-0.988579092
27,walking,0.276849485,-0.348475561,0.944759287,-0.979866137,0.068433197,-0.316184022,-0.085588357,-0.606860249,-0.078616351,-0.523256879,-0.238853875,-0.407355787,-0.238853875,-0.407355787,-0.230500549,-0.26613894,-0.396638754,-0.482452356,-0.562587199,-0.618718629,-0.308702374,-0.365256349,-0.345482737,-0.346610413,-0.498017935,-0.642349126,-0.327229406,-0.550392605,-0.259934013,-0.279732022,-0.519451704,-0.546888146,-0.6232882,-0.639242384
27,walking downstairs,0.297544188,0.167407531,0.931380179,-0.946975165,0.093627322,-0.003583389,-0.159826552,-0.363722908,-0.051581475,-0.493837613,0.108071383,0.121176278,0.108071383,0.121176278,-0.115421211,-0.038636742,-0.164783207,-0.30795209,-0.440546586,-0.465807534,0.082983155,0.194912717,-0.043782626,-0.052281134,-0.296628612,-0.390968436,0.149816459,-0.071212004,0.010857564,-0.113625945,-0.359113725,-0.397984196,-0.467777769,-0.502831373
27,walking upstairs,0.265770254,-0.295439547,0.868000279,-0.956433875,0.073476353,-0.468066189,-0.094034489,-0.562461005,-0.093751871,-0.695774948,-0.160589356,-0.379948786,-0.160589356,-0.379948786,-0.479067422,-0.464610567,-0.28614572,-0.501775426,-0.699895091,-0.724671165,-0.417607401,-0.253504066,-0.503113856,-0.478923373,-0.544369229,-0.574254282,-0.393928937,-0.468707735,-0.460770278,-0.473011559,-0.60766773,-0.523335975,-0.719179804,-0.751714313
28,laying,0.275913483,-0.968888296,-0.490334542,-0.970599089,0.078077064,-0.980164717,-0.017367706,-0.95516228,-0.104511627,-0.960802949,-0.95811223,-0.95457403,-0.95811223,-0.95457403,-0.978455342,-0.973312648,-0.937106921,-0.928940913,-0.978220271,-0.969773277,-0.973930868,-0.967324864,-0.980013419,-0.982205901,-0.946804235,-0.958092114,-0.961035588,-0.957564019,-0.973436249,-0.972336129,-0.944218369,-0.931675004,-0.971830582,-0.969319821
28,sitting,0.276977629,-0.983272807,0.907331309,-0.9891325,0.076867162,-0.976286679,-0.033901803,-0.979671983,-0.095393506,-0.982155663,-0.955789709,-0.947782703,-0.955789709,-0.947782703,-0.973274367,-0.970301646,-0.955175567,-0.951065984,-0.981213159,-0.978441918,-0.979820143,-0.984956709,-0.976891805,-0.977786782,-0.973724326,-0.981615141,-0.953928124,-0.952281424,-0.969178687,-0.970823336,-0.960297525,-0.953534293,-0.979465869,-0.97839537
28,standing,0.277795069,-0.977748639,0.948514848,-0.990059427,0.07531316,-0.96860456,-0.025328154,-0.884032232,-0.102248409,-0.928343398,-0.925471652,-0.917658334,-0.925471652,-0.917658334,-0.959551987,-0.954068392,-0.89424247,-0.876917546,-0.959681019,-0.95626648,-0.972519802,-0.98026749,-0.968513715,-0.971672797,-0.880426103,-0.886706768,-0.929146479,-0.923857158,-0.952727765,-0.954963155,-0.909652436,-0.878459662,-0.958758577,-0.955983425
28,walking,0.281228224,-0.293003522,0.942930276,-0.976693903,0.093112223,-0.335700184,-0.105896208,-0.503798624,-0.092974671,-0.399417083,-0.18066602,-0.39269402,-0.18066602,-0.39269402,-0.299223359,-0.390449724,-0.310775946,-0.460511661,-0.546248759,-0.579861194,-0.280062183,-0.298832423,-0.36260198,-0.367116416,-0.374681072,-0.545480218,-0.352156842,-0.511573671,-0.360811456,-0.43627301,-0.514602425,-0.516811574,-0.595965104,-0.589071731
28,walking downstairs,0.293642077,0.125712888,0.92929168,-0.956921542,0.097265346,-0.016765223,-0.14109631,-0.268106331,-0.026649298,-0.163944897,0.104359217,0.135465564,0.104359217,0.135465564,-0.070756028,-0.041887261,-0.068246324,-0.224484145,-0.340417306,-0.407132335,0.089072175,0.137797083,-0.026867698,-0.098011229,-0.029996996,-0.345453346,0.188840008,-0.074058598,-0.012882383,-0.088359852,-0.223354794,-0.362903837,-0.396720714,-0.464722244
28,walking upstairs,0.262005842,-0.24206243,0.854508232,-0.9446978,0.070683187,-0.312671656,-0.129362971,-0.518818228,-0.080568055,-0.494282914,-0.186240504,-0.211928666,-0.186240504,-0.211928666,-0.388086248,-0.325362338,-0.263415283,-0.476923345,-0.620279798,-0.670132121,-0.266101343,-0.233726644,-0.31886673,-0.37027368,-0.403636284,-0.556383411,-0.213519365,-0.334626169,-0.294433416,-0.374495908,-0.53483541,-0.528187017,-0.662505819,-0.704852757
29,laying,0.287295197,-0.984219556,-0.346789843,-0.97293989,0.07188612,-0.992005989,-0.0258281,-0.994276591,-0.099533988,-0.996542541,-0.986493197,-0.981572148,-0.986493197,-0.981572148,-0.992725368,-0.994646917,-0.971923623,-0.977040093,-0.997322527,-0.997666072,-0.986626999,-0.983432309,-0.992153982,-0.992543478,-0.993122609,-0.994652185,-0.986800645,-0.981599784,-0.993998276,-0.994366668,-0.984001342,-0.976679046,-0.997617389,-0.997585231
29,sitting,0.277179978,-0.99074502,0.891563755,-0.984679152,0.07454381,-0.99352556,-0.037927111,-0.990178705,-0.0953637,-0.99332203,-0.978017022,-0.969290317,-0.978017022,-0.969290317,-0.990719808,-0.990531729,-0.962377332,-0.971578025,-0.995392308,-0.994905344,-0.991093964,-0.990617521,-0.99344576,-0.994220176,-0.988393569,-0.990727755,-0.973346532,-0.97121802,-0.990093704,-0.989822909,-0.980269426,-0.971011373,-0.995063049,-0.994742028
29,standing,0.277965066,-0.996068635,0.974508732,-0.996764227,0.075305253,-0.993652821,-0.027607557,-0.97799482,-0.098870151,-0.983293062,-0.984745319,-0.981745713,-0.984745319,-0.981745713,-0.99078542,-0.99049569,-0.98065734,-0.975358665,-0.992144699,-0.991453632,-0.99502404,-0.99660457,-0.993736906,-0.994123424,-0.97448545,-0.979162565,-0.984548095,-0.982247716,-0.989793893,-0.990327935,-0.980879723,-0.975938729,-0.991672052,-0.991516778
29,walking,0.271999917,-0.17433794,0.962374385,-0.978253539,0.085374335,-0.221433543,-0.007956682,-0.598868671,-0.106888303,-0.395909622,-0.095521339,-0.262695064,-0.095521339,-0.262695064,-0.240231677,-0.133036274,-0.280573268,-0.358814097,-0.506242118,-0.612222937,-0.135819506,-0.190355977,-0.210469887,-0.30733667,-0.431490048,-0.654313559,-0.235683306,-0.393257505,-0.108978206,-0.169506499,-0.416817853,-0.429156831,-0.628501116,-0.618667723
29,walking downstairs,0.293140441,0.167383602,0.948486215,-0.941736193,0.063687197,-0.023952574,-0.037412607,-0.282077258,-0.074398647,-0.347807557,0.103705166,0.13448115,0.103705166,0.13448115,-0.138637624,-0.030769337,-0.122968109,-0.267409798,-0.539174456,-0.597057049,0.1106632,0.187438624,-0.038245821,-0.098637916,-0.189418001,-0.319123138,0.115973968,-0.033086811,0.000448896,-0.079771432,-0.381459882,-0.323024575,-0.596578626,-0.626675982
29,walking upstairs,0.265423067,-0.086771557,0.929258954,-0.954189013,0.106345193,-0.182365815,0.093198946,-0.323904732,-0.130429073,-0.474932606,0.008343603,-0.041469605,0.008343603,-0.041469605,-0.344324833,-0.254485176,0.043962768,-0.080047615,-0.617340803,-0.712846318,-0.10979348,-0.079062531,-0.225067771,-0.211385398,-0.26051929,-0.350338205,-0.108306403,-0.155993756,-0.239108047,-0.280583557,-0.357213897,-0.07433147,-0.697454553,-0.756464186
30,laying,0.281033901,-0.976362515,-0.344737755,-0.979563943,0.075219667,-0.977463776,-0.026781222,-0.973662822,-0.102277359,-0.983775834,-0.969829984,-0.960167907,-0.969829984,-0.960167907,-0.97923282,-0.96964229,-0.962284921,-0.951264441,-0.985086413,-0.976177143,-0.974789999,-0.977045261,-0.976887902,-0.980350748,-0.971789053,-0.974488401,-0.96284082,-0.964051811,-0.96994927,-0.968087778,-0.962001199,-0.952644449,-0.977821336,-0.975481549
30,sitting,0.268336081,-0.983622744,0.825473837,-0.978364712,0.076005773,-0.988864577,-0.035842648,-0.98813267,-0.095270768,-0.993868545,-0.957487221,-0.942901467,-0.957487221,-0.942901467,-0.987799056,-0.98605764,-0.955847324,-0.960641288,-0.993737388,-0.991280225,-0.985008785,-0.983231005,-0.988775436,-0.990017565,-0.987034626,-0.988484803,-0.959923388,-0.943543733,-0.985826331,-0.985294959,-0.973876283,-0.959513937,-0.991750682,-0.990946425
30,standing,0.277112699,-0.977559427,0.968556705,-0.996420919,0.075241447,-0.968430745,-0.027613854,-0.911408518,-0.099716023,-0.960119074,-0.930573575,-0.916570441,-0.930573575,-0.916570441,-0.97122519,-0.950762271,-0.913890565,-0.887247637,-0.972995274,-0.955995672,-0.972014051,-0.980426576,-0.967857589,-0.972216729,-0.915742855,-0.911718163,-0.932047451,-0.921733233,-0.953357616,-0.946639847,-0.917449417,-0.888872228,-0.959242165,-0.955008564
30,walking,0.276406758,-0.346394275,0.965217551,-0.979752467,0.068868997,-0.374400941,-0.045950536,-0.387920594,-0.087383992,-0.460345386,-0.195140033,-0.359873412,-0.195140033,-0.359873412,-0.352111714,-0.353751021,-0.02296408,-0.266845731,-0.47206873,-0.546977272,-0.351402911,-0.344928112,-0.389595631,-0.415135398,-0.3744403,-0.399032346,-0.342363773,-0.469852795,-0.347180135,-0.366537417,-0.358344356,-0.331541741,-0.547621753,-0.578580045
30,walking downstairs,0.283190647,-0.057770316,0.958000491,-0.958890389,0.088393304,-0.226643901,-0.07455913,-0.265923161,-0.061595458,-0.542764507,-0.037390112,-0.013577121,-0.037390112,-0.013577121,-0.293738802,-0.125283185,-0.095537321,-0.208267542,-0.574337006,-0.617662074,-0.106966957,-0.040525709,-0.234923147,-0.289802729,-0.263061628,-0.278386596,0.00410151,-0.178535173,-0.1259614,-0.133124305,-0.356772347,-0.252361883,-0.617578814,-0.645503942
30,walking upstairs,0.271415642,-0.350504475,0.93182983,-0.954033624,0.057984037,-0.535420203,-0.003559746,-0.493837521,-0.108414261,-0.74274953,-0.137627857,-0.327410816,-0.137627857,-0.327410816,-0.5966001,-0.561837706,-0.113608367,-0.169293534,-0.718780257,-0.774439097,-0.420402828,-0.326260358,-0.55067842,-0.561565207,-0.488039003,-0.503484237,-0.400588354,-0.394508081,-0.549784891,-0.580878133,-0.449150735,-0.151472278,-0.773974452,-0.791349425
